idx,spf,ppd,upc,uppcc,apt,deg
0,0.73,1.74,0.61,0.78,0.23,135.88
1,0.55,1.48,0.55,0.7,0.14,96.0
2,0.0,1.0,0.54,0.64,0.24,4.0
3,0.0,1.0,0.78,0.8,0.58,81.0
4,0.26,1.04,0.62,0.73,0.15,40.0
6,0.0,1.0,0.72,0.73,0.58,47.0
7,0.7,1.75,0.73,0.9,0.33,104.4
9,0.08,1.03,0.73,0.78,0.53,150.5
10,0.13,1.05,0.58,0.69,0.2,53.7
13,0.77,1.67,0.77,0.93,0.27,90.67
14,0.48,1.09,0.76,0.8,0.41,15.71
15,0.8,2.13,0.61,0.84,0.24,38.91
16,0.63,1.55,0.67,0.83,0.34,102.5
18,0.0,1.0,0.5,0.5,0.5,1.0
21,0.03,1.02,0.76,0.78,0.58,158.5
22,0.0,1.0,0.61,0.72,0.5,3.0
23,0.0,1.0,0.57,0.57,0.43,1.0
24,0.44,1.32,0.66,0.74,0.34,203.75
25,0.8,1.94,0.59,0.77,0.2,160.29
30,0.67,1.79,0.65,0.83,0.28,63.29
31,0.0,1.0,0.58,0.73,0.19,5.0
32,0.69,1.44,0.78,0.88,0.3,97.0
33,0.75,1.96,0.69,0.91,0.33,121.64
36,0.84,1.59,0.58,0.78,0.2,26.6
38,0.0,1.0,0.48,0.61,0.21,30.0
39,0.71,1.47,0.59,0.74,0.18,65.6
43,0.0,1.0,0.78,0.8,0.61,226.0
44,0.74,1.77,0.65,0.84,0.27,80.56
46,0.65,1.82,0.52,0.68,0.16,63.5
47,0.8,2.15,0.59,0.83,0.22,102.67
48,0.0,1.0,0.57,0.64,0.18,27.0
49,0.11,1.06,0.58,0.71,0.18,37.4
51,0.85,2.43,0.56,0.84,0.2,68.69
53,0.35,1.2,0.67,0.74,0.4,242.5
54,0.74,1.98,0.55,0.77,0.2,106.68
55,0.22,1.14,0.82,0.88,0.65,93.5
56,0.12,1.04,0.62,0.73,0.19,112.0
58,0.59,1.46,0.7,0.82,0.34,61.0
59,0.0,1.0,0.8,0.8,0.1,1.0
60,0.64,1.22,0.72,0.79,0.29,63.0
61,0.54,1.43,0.59,0.7,0.26,247.2
63,0.17,1.04,0.61,0.75,0.15,91.86
64,0.36,1.23,0.77,0.84,0.56,63.0
66,0.0,1.0,0.66,0.91,0.09,3.0
67,0.03,1.02,0.71,0.76,0.45,212.0
68,0.16,1.07,0.63,0.72,0.29,194.0
69,0.01,1.0,0.79,0.81,0.65,227.0
70,0.0,1.0,0.74,0.77,0.48,45.0
72,0.58,1.5,0.64,0.77,0.26,121.14
74,0.26,1.08,0.73,0.77,0.35,31.0
75,0.5,1.01,0.73,0.77,0.47,66.5
78,0.79,1.37,0.73,0.84,0.27,69.2
79,0.33,1.14,0.85,0.89,0.58,142.25
80,0.0,1.0,0.59,0.73,0.16,3.0
81,0.84,2.22,0.62,0.89,0.23,61.56
82,0.7,1.71,0.65,0.84,0.26,105.0
85,0.6,1.48,0.62,0.76,0.27,55.56
86,0.31,1.16,0.66,0.75,0.4,81.86
88,0.5,1.69,0.58,0.81,0.23,20.83
89,0.0,1.0,0.85,0.87,0.74,125.0
91,0.0,1.0,0.62,0.62,0.2,2.0
92,0.0,1.0,0.75,0.77,0.61,130.0
93,0.19,1.08,0.7,0.74,0.31,58.0
96,0.0,1.0,1.0,1.0,1.0,1.0
97,0.0,1.0,0.75,0.75,0.25,1.0
99,0.83,2.0,0.44,0.88,0.29,1.33
100,0.12,1.08,0.59,0.7,0.25,150.82
103,0.54,1.35,0.71,0.82,0.37,96.89
107,0.48,1.3,0.76,0.85,0.34,75.12
108,0.75,1.87,0.6,0.79,0.23,109.31
111,0.51,1.28,0.66,0.76,0.3,104.33
112,0.34,1.01,0.79,0.81,0.53,89.67
114,0.0,1.0,0.79,0.89,0.58,15.0
115,0.23,1.09,0.61,0.69,0.3,310.0
116,0.84,1.84,0.69,0.87,0.22,44.38
117,0.0,1.0,0.58,0.65,0.17,67.0
118,0.54,1.15,0.63,0.7,0.3,46.5
119,0.0,1.0,0.57,0.57,0.14,1.0
122,0.22,1.07,0.64,0.75,0.35,62.86
123,0.58,1.17,0.54,0.61,0.27,136.33
125,0.63,1.4,0.56,0.7,0.17,62.6
126,0.0,1.0,0.77,0.8,0.54,85.0
127,0.46,1.32,0.7,0.81,0.38,72.43
128,0.28,1.22,0.75,0.81,0.42,86.89
130,0.0,1.0,0.54,0.61,0.16,26.0
133,0.75,1.86,0.6,0.79,0.26,187.6
134,0.0,1.0,0.63,0.77,0.11,15.0
135,0.41,1.23,0.76,0.83,0.45,126.5
136,0.7,1.57,0.69,0.83,0.34,69.38
138,0.0,1.0,0.62,0.69,0.29,74.0
142,0.0,1.0,0.69,0.82,0.08,35.0
143,0.65,1.61,0.59,0.74,0.26,79.33
144,0.0,1.0,0.77,0.8,0.56,84.0
146,0.69,1.53,0.74,0.89,0.26,76.67
148,0.0,1.0,0.71,0.77,0.47,35.0
151,0.0,1.0,0.8,0.83,0.58,421.0
152,0.57,1.61,0.6,0.75,0.27,56.44
154,0.0,1.0,0.79,0.8,0.61,178.0
155,0.0,1.0,0.87,0.88,0.78,158.0
156,0.68,1.7,0.65,0.84,0.26,48.43
159,0.63,1.57,0.68,0.83,0.31,117.76
160,0.03,1.01,0.76,0.77,0.68,35.5
161,0.0,1.0,0.75,0.79,0.51,196.0
162,0.39,1.18,0.69,0.78,0.3,88.62
166,0.73,1.6,0.66,0.8,0.25,90.92
167,0.0,1.0,0.68,0.73,0.55,109.0
170,0.76,1.59,0.71,0.84,0.28,88.33
171,0.0,1.0,0.74,0.77,0.51,199.0
176,0.0,1.0,0.72,0.72,0.79,6.0
177,0.0,1.0,0.71,0.71,0.25,2.0
178,0.79,1.85,0.65,0.87,0.26,24.28
180,0.0,1.0,0.63,0.74,0.17,6.0
181,0.58,1.51,0.72,0.84,0.38,261.33
183,0.0,1.0,0.62,0.7,0.2,13.0
185,0.0,1.0,0.86,0.87,0.76,29.0
187,0.5,1.27,0.74,0.82,0.38,71.5
188,0.74,1.68,0.7,0.86,0.32,86.0
189,0.0,1.0,0.69,0.75,0.08,7.0
191,0.56,1.39,0.68,0.79,0.37,145.2
193,0.29,1.13,0.5,0.64,0.16,31.0
195,0.03,1.01,0.71,0.73,0.37,142.0
196,0.7,1.64,0.67,0.82,0.3,197.25
199,0.71,1.53,0.7,0.81,0.27,76.14
200,0.0,1.0,0.82,0.83,0.72,116.0
201,0.0,1.0,0.54,0.72,0.15,5.0
203,0.0,1.0,0.74,0.77,0.5,209.0
204,0.1,1.0,0.64,0.73,0.15,153.5
205,0.75,1.78,0.74,0.92,0.32,131.57
212,0.0,1.0,0.74,0.78,0.6,82.0
213,0.0,1.0,0.75,0.75,0.08,1.0
214,0.0,1.0,0.55,0.67,0.19,51.0
215,0.55,1.35,0.65,0.74,0.24,162.25
216,0.0,1.0,0.61,0.69,0.14,150.0
217,0.59,1.46,0.66,0.77,0.48,49.0
218,0.84,2.01,0.69,0.92,0.22,37.67
220,0.0,1.0,0.6,0.69,0.21,2.0
224,0.0,1.0,0.69,0.78,0.21,3.0
227,0.63,1.64,0.66,0.8,0.35,130.67
228,0.78,1.71,0.76,0.93,0.29,95.56
229,0.72,1.72,0.66,0.83,0.26,77.38
230,0.73,1.68,0.69,0.85,0.31,136.75
233,0.0,1.0,0.62,0.75,0.4,2.0
234,0.95,2.69,0.48,0.76,0.17,7.56
236,0.55,1.25,0.53,0.67,0.19,3.33
237,0.0,1.0,0.34,0.63,0.12,3.0
238,0.63,1.34,0.64,0.76,0.27,89.6
239,0.65,1.47,0.68,0.82,0.26,73.0
242,0.09,1.05,0.6,0.74,0.19,309.5
243,0.73,1.6,0.68,0.82,0.19,26.33
244,0.64,1.49,0.67,0.78,0.32,48.75
245,0.0,1.0,0.69,0.76,0.43,335.0
246,0.5,1.41,0.71,0.84,0.38,60.2
248,0.0,1.0,0.61,0.72,0.17,33.0
249,0.79,1.88,0.6,0.79,0.23,133.56
251,0.0,1.0,0.82,0.85,0.45,15.0
255,0.49,1.3,0.69,0.78,0.46,71.0
257,0.43,1.27,0.71,0.81,0.3,78.0
258,0.8,1.56,0.71,0.86,0.25,56.5
260,0.67,1.59,0.63,0.79,0.24,160.0
264,0.82,1.99,0.73,0.94,0.3,126.5
270,0.0,1.0,0.61,0.74,0.14,9.0
271,0.0,1.0,0.56,0.66,0.29,18.0
273,0.64,1.46,0.66,0.81,0.32,92.67
276,0.0,1.0,0.76,0.92,0.81,3.0
278,0.65,1.67,0.72,0.87,0.34,135.0
279,0.76,1.86,0.62,0.79,0.22,204.85
282,0.44,1.24,0.82,0.9,0.59,67.0
283,0.0,1.0,0.38,0.62,0.12,1.0
285,0.0,1.0,0.56,0.68,0.22,38.0
286,0.0,1.0,0.66,0.7,0.42,114.0
287,0.53,1.37,0.76,0.87,0.46,87.83
288,0.0,1.0,0.74,0.74,0.79,3.0
292,0.77,1.88,0.56,0.74,0.18,84.09
293,0.05,1.01,0.42,0.53,0.17,38.5
294,0.69,1.63,0.69,0.86,0.35,132.0
297,0.56,1.36,0.65,0.78,0.23,67.8
300,0.0,1.0,0.85,0.86,0.74,159.0
303,0.67,1.37,0.81,0.9,0.39,48.0
304,0.59,1.14,0.77,0.81,0.35,99.25
306,0.0,1.0,0.93,0.93,0.93,1.0
307,0.71,1.51,0.66,0.82,0.35,71.67
308,0.83,2.09,0.57,0.81,0.23,35.0
310,0.74,1.76,0.62,0.81,0.27,36.0
311,0.71,1.67,0.7,0.86,0.31,73.75
312,0.56,1.27,0.75,0.83,0.43,74.5
313,0.0,1.0,0.72,0.75,0.64,116.0
314,0.0,1.0,0.58,0.68,0.2,197.0
315,0.0,1.0,0.78,0.81,0.57,16.0
317,0.45,1.12,0.67,0.72,0.33,31.43
318,0.67,1.68,0.62,0.78,0.26,157.62
319,0.23,1.12,0.51,0.64,0.21,4.5
320,0.0,1.0,0.56,0.67,0.09,10.0
322,0.65,1.62,0.56,0.71,0.19,53.43
324,0.3,1.16,0.77,0.83,0.53,111.33
325,0.39,1.23,0.75,0.83,0.38,99.0
326,0.63,1.58,0.67,0.82,0.31,100.27
328,0.0,1.0,0.5,0.61,0.14,8.0
330,0.72,1.63,0.64,0.83,0.34,129.33
336,0.63,1.62,0.68,0.82,0.32,190.58
340,0.58,1.52,0.73,0.86,0.42,153.0
342,0.66,1.97,0.65,0.85,0.22,60.58
343,0.66,1.77,0.52,0.68,0.15,82.43
344,0.67,1.48,0.65,0.77,0.19,50.6
345,0.6,1.52,0.68,0.81,0.32,86.57
346,0.0,1.0,0.6,0.6,0.2,1.0
347,0.43,1.24,0.76,0.84,0.44,62.0
348,0.57,1.55,0.53,0.69,0.15,38.75
349,0.17,1.11,0.58,0.71,0.18,90.82
351,0.18,1.06,0.76,0.79,0.5,149.5
352,0.23,1.12,0.52,0.6,0.12,25.6
353,0.0,1.0,0.5,0.5,0.5,1.0
355,0.46,1.17,0.62,0.7,0.22,46.11
356,0.67,1.02,0.89,0.9,0.3,40.33
358,0.62,1.57,0.64,0.79,0.24,137.46
360,0.0,1.0,0.89,0.89,0.11,1.0
361,0.24,1.14,0.64,0.78,0.18,166.5
362,0.33,1.19,0.67,0.76,0.39,79.33
364,0.57,1.44,0.56,0.68,0.19,174.56
366,0.0,1.0,0.83,0.84,0.73,97.0
368,0.02,1.01,0.7,0.74,0.49,139.33
369,0.01,1.0,0.73,0.78,0.52,195.33
370,0.66,1.71,0.65,0.83,0.3,113.92
372,0.69,1.67,0.7,0.83,0.33,140.67
375,0.07,1.04,0.75,0.79,0.54,236.33
377,0.0,1.0,0.64,0.73,0.47,14.0
378,0.33,1.19,0.69,0.77,0.47,194.0
379,0.89,2.66,0.58,0.87,0.17,65.03
380,0.0,1.0,0.5,0.75,0.25,1.0
383,0.68,1.62,0.68,0.86,0.35,145.6
384,0.23,1.06,0.56,0.68,0.22,53.13
386,0.0,1.0,0.77,0.81,0.67,91.0
387,0.0,1.0,0.41,0.63,0.06,4.0
389,0.37,1.15,0.6,0.68,0.24,158.25
391,0.31,1.06,0.65,0.75,0.32,31.8
392,0.35,1.26,0.53,0.64,0.16,43.0
394,0.66,1.47,0.75,0.88,0.38,103.5
396,0.0,1.0,0.51,0.59,0.31,53.0
397,0.7,1.78,0.64,0.84,0.27,83.2
400,0.0,1.0,0.44,0.58,0.21,5.0
401,0.66,1.9,0.62,0.82,0.23,98.53
402,0.0,1.0,0.66,0.73,0.14,10.0
405,0.79,2.03,0.61,0.81,0.23,126.76
407,0.0,1.0,1.0,1.0,1.0,1.0
408,0.37,1.24,0.71,0.8,0.43,71.33
410,0.0,1.0,0.8,0.83,0.58,13.0
414,0.03,1.01,0.73,0.76,0.54,56.0
417,0.7,1.83,0.66,0.85,0.29,94.5
418,0.0,1.0,0.74,0.74,0.65,41.0
419,0.56,1.44,0.69,0.82,0.43,74.67
420,0.74,2.14,0.52,0.75,0.14,78.94
422,0.0,1.0,0.79,0.81,0.53,83.0
425,0.8,1.48,0.8,0.92,0.29,31.5
426,0.0,1.0,0.59,0.79,0.16,4.0
428,0.79,1.88,0.58,0.76,0.18,93.36
429,0.0,1.0,0.58,0.67,0.21,10.0
430,0.0,1.0,0.5,0.75,0.25,1.0
431,0.77,1.8,0.64,0.84,0.35,351.33
432,0.0,1.0,0.75,0.84,0.13,3.0
433,0.58,1.48,0.61,0.76,0.22,180.81
437,0.2,1.13,0.77,0.83,0.42,78.67
438,0.58,1.49,0.67,0.82,0.25,37.82
439,0.76,2.03,0.66,0.88,0.29,75.14
442,0.0,1.0,0.6,0.73,0.3,6.0
443,0.0,1.0,0.8,0.8,0.2,1.0
445,0.62,1.2,0.72,0.79,0.24,50.0
449,0.72,1.7,0.71,0.88,0.32,90.89
450,0.82,1.82,0.55,0.75,0.19,137.43
451,0.61,1.58,0.71,0.85,0.35,72.7
452,0.45,1.39,0.68,0.8,0.35,58.67
453,0.4,1.24,0.7,0.79,0.34,141.25
454,0.0,1.0,0.58,0.68,0.14,12.0
455,0.74,1.7,0.61,0.76,0.24,80.5
456,0.47,1.43,0.77,0.89,0.31,46.4
460,0.84,2.06,0.6,0.81,0.21,34.92
461,0.65,1.63,0.62,0.7,0.35,20.67
462,0.7,1.69,0.8,0.97,0.34,23.3
466,0.7,1.88,0.64,0.83,0.26,89.0
467,0.0,1.0,0.6,0.69,0.2,158.0
468,0.0,1.0,0.57,0.57,0.44,5.0
469,0.13,1.07,0.56,0.62,0.31,333.0
470,0.53,1.61,0.74,0.91,0.35,49.8
473,0.0,1.0,0.79,0.82,0.55,64.0
477,0.0,1.0,0.62,0.65,0.43,75.0
478,0.47,1.01,0.74,0.78,0.39,84.0
479,0.58,1.28,0.62,0.71,0.26,61.25
480,0.0,1.0,0.35,0.49,0.22,6.0
481,0.66,1.67,0.64,0.79,0.29,310.86
484,0.5,1.33,0.42,0.68,0.06,2.67
485,0.54,1.15,0.61,0.68,0.23,175.4
488,0.63,1.48,0.73,0.85,0.35,196.29
489,0.79,1.99,0.65,0.88,0.27,48.85
490,0.66,1.75,0.59,0.81,0.28,155.67
492,0.58,1.41,0.69,0.81,0.41,231.5
494,0.0,1.0,0.48,0.54,0.24,6.0
495,0.64,1.53,0.71,0.84,0.32,44.62
496,0.43,1.24,0.72,0.8,0.37,203.67
498,0.87,2.24,0.64,0.9,0.22,39.11
499,0.69,1.83,0.6,0.77,0.22,244.5
500,0.66,1.59,0.68,0.82,0.29,49.17
502,0.61,1.51,0.62,0.76,0.24,106.11
504,0.76,1.78,0.59,0.78,0.22,73.38
505,0.0,1.0,0.43,0.71,0.14,1.0
506,0.74,1.77,0.62,0.8,0.27,199.2
507,0.66,1.54,0.7,0.83,0.33,91.31
509,0.0,1.0,0.42,0.58,0.4,2.0
511,0.0,1.0,0.41,0.57,0.16,10.0
512,0.68,1.61,0.79,0.93,0.42,118.86
515,0.21,1.1,0.67,0.75,0.38,130.0
518,0.74,1.55,0.74,0.89,0.34,81.67
519,0.8,1.93,0.65,0.87,0.24,129.12
521,0.84,2.2,0.59,0.84,0.22,86.42
523,0.62,1.71,0.52,0.68,0.15,100.78
524,0.44,1.39,0.69,0.79,0.38,40.0
526,0.56,1.34,0.72,0.82,0.4,121.0
527,0.55,1.18,0.8,0.86,0.43,109.0
529,0.0,1.0,0.52,0.52,0.11,3.0
530,0.71,1.77,0.63,0.81,0.27,111.83
531,0.0,1.0,0.54,0.66,0.2,4.0
533,0.58,1.35,0.76,0.85,0.43,120.67
535,0.64,1.71,0.56,0.72,0.2,128.55
537,0.0,1.0,0.72,0.77,0.61,118.0
540,0.0,1.0,0.57,0.79,0.14,2.0
541,0.0,1.0,0.8,0.82,0.68,99.0
542,0.0,1.0,0.35,0.52,0.11,2.0
543,0.75,1.88,0.64,0.84,0.31,182.88
544,0.68,1.9,0.62,0.81,0.29,64.14
545,0.71,1.76,0.59,0.74,0.18,258.3
549,0.49,1.35,0.55,0.7,0.17,30.62
550,0.67,1.64,0.59,0.74,0.2,111.16
552,0.33,1.16,0.7,0.77,0.38,93.67
556,0.67,1.82,0.53,0.73,0.19,19.21
558,0.61,1.59,0.7,0.85,0.3,107.81
559,0.0,1.0,0.41,0.54,0.13,10.0
560,0.5,1.21,0.65,0.69,0.29,20.46
565,0.72,1.75,0.65,0.85,0.33,62.57
566,0.73,1.75,0.71,0.88,0.31,105.14
567,0.0,1.0,0.65,0.73,0.07,3.0
568,0.84,2.05,0.62,0.85,0.21,40.0
569,0.81,1.86,0.63,0.83,0.25,49.85
570,0.3,1.12,0.75,0.81,0.44,54.33
572,0.61,1.39,0.68,0.79,0.21,115.25
573,0.01,1.0,0.76,0.78,0.56,249.5
575,0.0,1.0,0.72,0.88,0.08,13.0
576,0.63,1.38,0.79,0.89,0.44,84.0
578,0.65,1.46,0.71,0.84,0.34,45.71
579,0.5,1.32,0.8,0.87,0.38,26.0
580,0.0,1.0,0.45,0.65,0.29,2.0
581,0.66,1.64,0.57,0.72,0.21,143.29
583,0.0,1.0,0.51,0.54,0.15,2.0
584,0.61,1.62,0.69,0.84,0.32,85.67
586,0.72,1.4,0.75,0.86,0.36,112.67
587,0.31,1.21,0.52,0.67,0.28,240.12
588,0.0,1.0,0.42,0.48,0.12,3.0
590,0.0,1.0,0.55,0.62,0.32,32.0
591,0.59,1.67,0.63,0.77,0.26,96.57
592,0.69,1.4,0.73,0.82,0.29,56.75
595,0.0,1.0,0.5,0.64,0.08,3.0
596,0.52,1.44,0.55,0.7,0.22,236.25
599,0.8,1.86,0.66,0.84,0.27,91.0
600,0.63,1.54,0.61,0.72,0.21,116.87
602,0.38,1.23,0.8,0.87,0.58,176.0
603,0.73,1.92,0.56,0.77,0.18,92.48
604,0.34,1.19,0.75,0.81,0.36,119.75
607,0.54,1.35,0.71,0.81,0.33,87.14
609,0.0,1.0,0.59,0.65,0.29,55.0
610,0.0,1.0,0.55,0.55,0.11,2.0
611,0.0,1.0,0.59,0.78,0.09,7.0
612,0.51,1.02,0.73,0.75,0.33,28.5
613,0.71,1.69,0.65,0.81,0.28,183.23
615,0.0,1.0,0.78,0.85,0.29,4.0
616,0.09,1.05,0.52,0.66,0.16,42.33
617,0.0,1.0,0.2,0.2,0.2,1.0
620,0.0,1.0,0.69,0.76,0.17,2.0
621,0.0,1.0,0.64,0.64,0.07,2.0
623,0.0,1.0,0.59,0.71,0.33,65.0
624,0.0,1.0,0.36,0.8,0.14,3.0
625,0.75,1.54,0.68,0.81,0.25,53.33
626,0.0,1.0,0.84,0.85,0.75,147.0
627,0.0,1.0,0.7,0.7,0.04,1.0
628,0.52,1.35,0.65,0.77,0.34,146.5
630,0.0,1.0,0.86,0.89,0.8,45.0
633,0.0,1.0,0.55,0.7,0.21,223.0
634,0.0,1.0,0.62,0.62,0.33,2.0
637,0.77,2.17,0.63,0.89,0.25,84.44
639,0.0,1.0,0.82,0.84,0.73,30.0
640,0.74,1.76,0.71,0.9,0.31,114.71
642,0.73,1.7,0.57,0.74,0.22,76.64
643,0.73,1.88,0.57,0.77,0.22,200.11
647,0.75,1.81,0.63,0.81,0.28,189.0
648,0.0,1.0,0.7,0.76,0.49,109.0
649,0.0,1.0,0.42,0.58,0.08,6.0
651,0.41,1.18,0.75,0.81,0.51,122.5
653,0.0,1.0,0.8,0.82,0.62,85.0
654,0.0,1.0,0.85,0.92,0.08,1.0
655,0.34,1.17,0.81,0.87,0.59,174.5
658,0.73,1.68,0.7,0.86,0.34,95.5
659,0.0,1.0,0.57,0.7,0.13,7.0
660,0.64,1.56,0.67,0.82,0.35,50.69
661,0.05,1.01,0.56,0.67,0.43,56.5
662,0.64,1.49,0.63,0.77,0.33,68.67
663,0.41,1.2,0.72,0.8,0.47,77.0
664,0.0,1.0,0.56,0.8,0.18,5.0
666,0.0,1.0,0.86,0.86,0.14,1.0
668,0.0,1.0,0.8,0.83,0.66,147.0
670,0.0,1.0,0.59,0.7,0.08,4.0
671,0.7,1.85,0.59,0.77,0.23,189.45
672,0.31,1.1,0.65,0.69,0.28,5.5
674,0.08,1.02,0.59,0.66,0.28,103.0
676,0.72,1.55,0.71,0.84,0.28,128.62
677,0.08,1.03,0.53,0.7,0.2,20.67
678,0.0,1.0,0.77,0.8,0.57,296.0
679,0.1,1.05,0.69,0.74,0.47,95.0
680,0.82,2.16,0.51,0.73,0.15,156.67
682,0.74,1.98,0.54,0.72,0.2,393.0
683,0.0,1.0,0.83,0.85,0.67,203.0
684,0.53,1.42,0.55,0.7,0.24,218.1
687,0.5,1.23,0.54,0.69,0.15,30.5
688,0.0,1.0,0.72,0.72,0.62,3.0
690,0.69,1.67,0.73,0.91,0.35,98.0
691,0.0,1.0,0.7,0.73,0.56,23.0
693,0.0,1.0,1.0,1.0,1.0,1.0
694,0.0,1.0,1.0,1.0,1.0,1.0
697,0.78,1.82,0.66,0.83,0.24,48.18
699,0.81,2.09,0.59,0.81,0.22,197.91
701,0.13,1.06,0.58,0.69,0.21,107.75
702,0.0,1.0,0.71,0.74,0.59,15.0
705,0.72,1.81,0.7,0.9,0.3,67.0
706,0.0,1.0,0.72,0.76,0.23,28.0
707,0.0,1.0,0.55,0.72,0.19,7.0
709,0.0,1.0,0.44,0.44,0.18,3.0
713,0.71,1.61,0.79,0.93,0.43,98.4
714,0.0,1.0,0.6,0.64,0.4,47.0
715,0.69,1.89,0.59,0.78,0.27,221.48
716,0.7,1.76,0.63,0.79,0.28,141.12
717,0.48,1.29,0.7,0.79,0.37,60.5
718,0.68,1.77,0.68,0.87,0.26,53.88
719,0.86,2.13,0.68,0.9,0.26,70.72
722,0.72,1.71,0.7,0.86,0.36,87.83
725,0.48,1.32,0.73,0.81,0.35,74.33
726,0.0,1.0,0.63,0.8,0.13,10.0
727,0.55,1.35,0.68,0.77,0.29,103.6
728,0.52,1.35,0.74,0.84,0.46,81.67
730,0.0,1.0,0.61,0.72,0.11,36.0
731,0.61,1.64,0.61,0.75,0.19,118.8
732,0.0,1.0,0.55,0.72,0.09,17.0
733,0.67,1.74,0.53,0.73,0.23,92.91
734,0.0,1.0,0.75,0.75,0.8,2.0
738,0.3,1.04,0.77,0.81,0.5,28.33
739,0.0,1.0,0.4,0.46,0.19,10.0
742,0.0,1.0,0.92,0.93,0.93,48.0
746,0.59,1.43,0.6,0.73,0.21,96.89
747,0.0,1.0,0.68,0.74,0.21,48.0
748,0.0,1.0,1.0,1.0,1.0,1.0
749,0.85,2.48,0.52,0.78,0.16,87.88
753,0.0,1.0,0.73,0.76,0.57,187.0
755,0.69,1.85,0.66,0.88,0.32,61.11
757,0.04,1.01,0.54,0.66,0.37,52.5
758,0.0,1.0,0.63,0.71,0.05,4.0
759,0.59,1.57,0.65,0.81,0.3,141.0
761,0.0,1.0,0.64,0.7,0.32,6.0
763,0.66,1.54,0.73,0.86,0.36,61.87
765,0.42,1.25,0.79,0.86,0.28,50.0
766,0.85,2.1,0.64,0.88,0.29,90.62
767,0.0,1.0,0.83,0.83,0.17,1.0
768,0.73,1.71,0.7,0.86,0.34,199.11
769,0.5,1.48,0.73,0.86,0.39,75.0
770,0.0,1.0,0.48,0.66,0.09,11.0
771,0.0,1.0,0.83,0.87,0.74,96.0
775,0.0,1.0,0.74,0.75,0.13,5.0
776,0.0,1.0,0.77,0.8,0.64,73.0
777,0.8,1.71,0.51,0.7,0.18,16.25
778,0.4,1.27,0.76,0.84,0.42,203.57
780,0.24,1.1,0.71,0.77,0.43,128.43
783,0.02,1.01,0.82,0.83,0.73,112.5
784,0.41,1.31,0.78,0.86,0.49,285.4
785,0.41,1.17,0.69,0.76,0.3,165.6
786,0.0,1.0,0.81,0.82,0.7,143.0
787,0.0,1.0,0.6,0.68,0.23,253.0
790,0.0,1.0,0.42,0.48,0.11,2.0
794,0.0,1.0,0.62,0.68,0.22,64.0
795,0.15,1.01,0.72,0.77,0.3,84.17
796,0.13,1.07,0.73,0.77,0.49,102.0
797,0.0,1.0,0.6,0.6,0.2,1.0
799,0.76,1.67,0.62,0.8,0.22,146.12
800,0.82,1.57,0.72,0.86,0.24,63.67
802,0.0,1.0,0.81,0.94,0.06,1.0
803,0.63,1.46,0.61,0.74,0.31,236.5
804,0.02,1.01,0.71,0.74,0.49,191.75
806,0.0,1.0,0.67,0.73,0.51,67.0
808,0.59,1.37,0.72,0.83,0.44,270.0
810,0.78,1.84,0.55,0.74,0.18,222.57
812,0.6,1.65,0.58,0.73,0.24,19.58
813,0.05,1.03,0.61,0.71,0.16,197.0
815,0.69,1.65,0.57,0.78,0.21,45.5
816,0.0,1.0,0.56,0.63,0.34,27.0
817,0.0,1.0,0.88,0.88,0.81,34.0
820,0.0,1.0,0.64,0.71,0.27,60.0
821,0.56,1.24,0.74,0.84,0.36,27.0
822,0.48,1.34,0.67,0.78,0.36,144.0
823,0.68,1.95,0.56,0.78,0.24,192.7
825,0.0,1.0,1.0,1.0,1.0,1.0
827,0.92,2.06,0.73,0.94,0.23,40.78
828,0.72,1.46,0.71,0.83,0.3,109.75
829,0.72,1.89,0.68,0.87,0.29,83.69
831,0.13,1.01,0.87,0.88,0.47,95.0
833,0.18,1.09,0.56,0.65,0.27,179.4
836,0.75,1.44,0.55,0.76,0.28,73.67
839,0.67,1.67,0.72,0.88,0.34,80.43
843,0.65,1.46,0.72,0.84,0.35,50.44
844,0.48,1.39,0.71,0.82,0.34,80.29
846,0.57,1.56,0.73,0.87,0.44,125.0
847,0.0,1.0,0.74,0.81,0.52,306.0
848,0.38,1.25,0.77,0.87,0.49,97.67
850,0.51,1.4,0.62,0.75,0.34,58.71
851,0.0,1.0,0.64,0.74,0.15,2.0
852,0.0,1.0,0.72,0.8,0.37,8.0
853,0.71,1.58,0.75,0.91,0.41,51.75
854,0.77,1.92,0.7,0.92,0.29,78.18
856,0.0,1.0,0.66,0.79,0.08,8.0
857,0.05,1.03,0.53,0.63,0.24,79.25
859,0.32,1.21,0.59,0.7,0.28,218.6
860,0.16,1.09,0.55,0.62,0.22,141.4
862,0.37,1.26,0.81,0.88,0.53,47.5
863,0.01,1.01,0.68,0.75,0.36,74.0
864,0.68,1.4,0.69,0.79,0.25,65.12
868,0.13,1.01,0.45,0.62,0.2,38.5
869,0.58,1.49,0.62,0.74,0.27,154.88
870,0.0,1.0,0.42,0.56,0.24,4.0
872,0.75,1.9,0.64,0.83,0.23,73.58
873,0.74,1.24,0.78,0.85,0.25,45.5
875,0.0,1.0,0.7,0.75,0.44,58.0
876,0.83,2.05,0.63,0.84,0.28,146.7
880,0.81,1.98,0.69,0.89,0.28,68.33
881,0.71,1.85,0.57,0.77,0.19,96.0
884,0.75,1.87,0.69,0.88,0.32,138.0
885,0.0,1.0,0.58,0.66,0.16,5.0
886,0.61,1.34,0.68,0.77,0.3,88.5
887,0.0,1.0,0.72,0.83,0.35,7.0
888,0.0,1.0,0.66,0.71,0.25,2.0
889,0.23,1.14,0.73,0.79,0.41,124.0
893,0.0,1.0,0.58,0.67,0.25,6.0
896,0.0,1.0,0.82,0.86,0.65,47.0
898,0.84,1.84,0.7,0.9,0.3,83.29
899,0.18,1.01,0.76,0.79,0.66,112.67
901,0.74,1.79,0.62,0.81,0.24,152.09
902,0.0,1.0,0.5,0.5,0.17,1.0
903,0.22,1.03,0.79,0.82,0.55,174.67
905,0.0,1.0,0.34,0.7,0.13,5.0
906,0.0,1.0,0.45,0.49,0.08,27.0
907,0.0,1.0,0.52,0.7,0.17,6.0
908,0.0,1.0,0.36,0.4,0.12,2.0
910,0.07,1.03,0.61,0.72,0.19,132.0
911,0.04,1.02,0.76,0.78,0.54,180.33
913,0.72,1.87,0.59,0.78,0.22,143.0
915,0.8,1.83,0.63,0.81,0.22,59.2
917,0.68,1.86,0.63,0.81,0.31,234.22
920,0.64,1.74,0.63,0.81,0.27,141.15
922,0.5,1.33,0.71,0.82,0.44,140.0
923,0.8,1.97,0.69,0.89,0.31,78.0
926,0.75,2.04,0.62,0.83,0.3,49.4
927,0.0,1.0,0.68,0.7,0.38,118.0
930,0.0,1.0,0.63,0.68,0.52,27.0
931,0.32,1.18,0.53,0.71,0.17,30.0
932,0.28,1.15,0.49,0.58,0.15,238.33
935,0.48,1.33,0.7,0.8,0.31,73.2
936,0.37,1.2,0.55,0.64,0.26,157.0
937,0.32,1.1,0.6,0.67,0.17,56.38
938,0.39,1.14,0.57,0.68,0.26,101.33
941,0.0,1.0,0.82,0.84,0.78,103.0
943,0.0,1.0,0.43,0.7,0.21,3.0
944,0.69,1.45,0.73,0.85,0.35,108.4
945,0.0,1.0,0.56,0.6,0.14,40.0
948,0.09,1.01,0.61,0.7,0.19,92.5
949,0.85,2.2,0.65,0.92,0.23,32.82
950,0.48,1.2,0.79,0.84,0.41,44.88
951,0.73,1.66,0.6,0.77,0.28,182.29
952,0.72,1.79,0.61,0.79,0.24,186.62
955,0.59,1.13,0.81,0.87,0.44,34.33
957,0.59,1.68,0.49,0.74,0.17,67.43
958,0.52,1.03,0.83,0.86,0.46,31.0
961,0.42,1.14,0.77,0.82,0.5,73.5
962,0.0,1.0,1.0,1.0,1.0,1.0
963,0.77,1.92,0.59,0.79,0.21,278.33
964,0.0,1.0,0.6,0.71,0.14,11.0
965,0.57,1.47,0.73,0.86,0.41,144.75
967,0.18,1.1,0.6,0.66,0.33,452.0
969,0.22,1.1,0.58,0.69,0.21,67.42
970,0.03,1.01,0.59,0.66,0.3,94.0
971,0.84,2.33,0.58,0.81,0.24,51.5
977,0.34,1.26,0.69,0.78,0.37,82.0
978,0.61,1.31,0.77,0.87,0.38,74.25
979,0.0,1.0,0.4,0.4,0.2,1.0
980,0.58,1.61,0.74,0.88,0.39,131.7
981,0.82,2.1,0.62,0.82,0.2,98.42
982,0.73,1.18,0.86,0.89,0.35,35.33
983,0.84,2.14,0.68,0.93,0.28,79.29
986,0.31,1.21,0.64,0.72,0.39,140.22
987,0.74,1.62,0.69,0.84,0.3,142.25
988,0.53,1.39,0.65,0.77,0.27,50.43
992,0.63,1.58,0.63,0.76,0.26,155.23
993,0.0,1.0,0.6,0.78,0.09,6.0
994,0.0,1.0,0.82,0.84,0.78,87.0
995,0.0,1.0,0.72,0.77,0.6,144.0
999,0.68,1.69,0.6,0.77,0.28,47.4
1000,0.63,1.36,0.74,0.85,0.42,127.5
1001,0.0,1.0,1.0,1.0,1.0,1.0
1007,0.0,1.0,0.75,0.79,0.53,156.0
1010,0.59,1.22,0.61,0.71,0.22,92.0
1011,0.71,1.87,0.69,0.86,0.31,133.07
1012,0.0,1.0,0.5,0.5,0.5,1.0
1014,0.0,1.0,0.5,0.5,0.5,1.0
1016,0.81,1.58,0.57,0.76,0.23,36.4
1017,0.77,1.97,0.64,0.84,0.26,49.81
1019,0.0,1.0,0.87,0.87,0.77,222.0
1020,0.06,1.02,0.58,0.61,0.45,21.5
1021,0.27,1.15,0.59,0.67,0.25,83.62
1022,0.0,1.0,0.57,0.67,0.12,63.0
1024,0.0,1.0,0.5,0.5,0.5,1.0
1027,0.56,1.43,0.75,0.89,0.36,76.0
1028,0.55,1.53,0.68,0.81,0.28,33.4
1030,0.81,1.84,0.65,0.85,0.27,51.55
1031,0.73,1.9,0.74,0.93,0.26,93.64
1033,0.74,1.97,0.65,0.86,0.25,81.42
1034,0.4,1.25,0.6,0.67,0.37,5.0
1035,0.18,1.1,0.56,0.68,0.29,16.5
1036,0.0,1.0,0.41,0.64,0.15,6.0
1039,0.18,1.09,0.75,0.81,0.54,102.17
1040,0.78,1.41,0.82,0.92,0.3,55.71
1042,0.82,2.03,0.55,0.74,0.15,136.0
1044,0.66,1.41,0.63,0.72,0.33,46.22
1045,0.31,1.17,0.72,0.81,0.48,208.5
1047,0.0,1.0,0.78,0.81,0.19,3.0
1048,0.7,1.62,0.7,0.85,0.25,53.65
1050,0.0,1.0,0.51,0.63,0.13,39.0
1051,0.45,1.23,0.69,0.78,0.35,185.5
1052,0.72,1.74,0.64,0.81,0.31,106.0
1054,0.69,1.43,0.63,0.78,0.38,61.5
1056,0.0,1.0,0.38,0.5,0.12,1.0
1058,0.0,1.0,0.83,0.83,0.17,1.0
1059,0.77,1.81,0.71,0.92,0.35,120.8
1061,0.67,1.35,0.59,0.71,0.21,51.0
1062,0.73,1.92,0.65,0.86,0.25,53.63
1064,0.5,1.11,0.82,0.87,0.4,76.0
1066,0.03,1.01,0.62,0.71,0.17,131.33
1067,0.0,1.0,0.63,0.7,0.17,15.0
1069,0.59,1.3,0.7,0.79,0.32,72.0
1070,0.62,1.39,0.65,0.76,0.33,128.0
1071,0.78,1.73,0.59,0.77,0.2,206.6
1072,0.59,1.58,0.71,0.84,0.34,66.57
1073,0.0,1.0,0.39,0.49,0.15,2.0
1074,0.0,1.0,0.5,0.5,0.06,1.0
1075,0.35,1.16,0.67,0.75,0.25,129.5
1076,0.0,1.0,0.4,0.4,0.4,1.0
1077,0.62,1.54,0.73,0.86,0.4,127.67
1078,0.34,1.22,0.84,0.88,0.56,105.67
1079,0.81,1.66,0.66,0.81,0.22,117.62
1082,0.01,1.0,0.72,0.76,0.48,113.0
1083,0.28,1.11,0.57,0.66,0.19,35.06
1084,0.0,1.0,0.65,0.74,0.58,6.0
1087,0.65,1.73,0.61,0.78,0.24,79.38
1088,0.8,2.08,0.61,0.84,0.26,103.89
1089,0.0,1.0,0.68,0.74,0.5,81.0
1091,0.0,1.0,0.83,0.83,0.17,1.0
1094,0.02,1.01,0.58,0.71,0.23,82.5
1095,0.03,1.01,0.71,0.75,0.5,226.67
1096,0.7,1.75,0.71,0.88,0.38,76.14
1099,0.43,1.21,0.81,0.88,0.46,123.38
1101,0.48,1.31,0.67,0.78,0.38,278.5
1102,0.0,1.0,0.33,0.67,0.17,1.0
1103,0.68,1.53,0.62,0.74,0.29,177.75
1104,0.0,1.0,0.63,0.63,0.5,3.0
1105,0.82,1.95,0.52,0.72,0.16,53.58
1106,0.71,1.86,0.53,0.71,0.18,182.08
1109,0.66,1.76,0.62,0.77,0.24,188.55
1110,0.43,1.2,0.85,0.9,0.61,83.5
1112,0.53,1.35,0.64,0.77,0.35,48.0
1113,0.76,2.02,0.65,0.87,0.27,60.33
1115,0.7,1.51,0.75,0.85,0.32,62.38
1116,0.59,1.33,0.55,0.68,0.17,125.0
1117,0.42,1.24,0.69,0.78,0.3,137.4
1119,0.0,1.0,0.53,0.65,0.15,15.0
1120,0.68,1.62,0.7,0.84,0.34,116.69
1122,0.49,1.24,0.8,0.86,0.45,44.33
1129,0.0,1.0,1.0,1.0,1.0,1.0
1130,0.66,1.57,0.68,0.81,0.39,224.67
1131,0.89,2.21,0.65,0.92,0.24,89.8
1133,0.73,1.77,0.68,0.86,0.32,96.45
1135,0.77,1.69,0.76,0.9,0.34,31.5
1138,0.86,1.57,0.73,0.88,0.26,65.14
1139,0.0,1.0,0.55,0.64,0.21,136.0
1140,0.79,1.68,0.67,0.86,0.32,79.67
1141,0.66,1.6,0.65,0.8,0.26,110.5
1143,0.0,1.0,0.59,0.83,0.13,6.0
1145,0.0,1.0,1.0,1.0,1.0,1.0
1148,0.35,1.12,0.46,0.7,0.12,7.83
1149,0.83,2.01,0.61,0.86,0.27,62.14
1151,0.78,1.9,0.69,0.91,0.3,52.62
1152,0.55,1.38,0.73,0.83,0.42,96.86
1153,0.2,1.1,0.56,0.67,0.09,5.5
1156,0.0,1.0,0.39,0.61,0.31,4.0
1157,0.87,2.54,0.55,0.89,0.18,34.07
1159,0.59,1.62,0.76,0.9,0.36,76.83
1161,0.56,1.41,0.53,0.66,0.19,109.18
1163,0.0,1.0,0.52,0.59,0.26,15.0
1165,0.62,1.21,0.59,0.67,0.12,52.0
1166,0.61,1.32,0.74,0.81,0.39,23.11
1167,0.86,2.05,0.65,0.9,0.23,52.64
1169,0.73,1.82,0.5,0.7,0.17,27.9
1173,0.64,1.52,0.76,0.87,0.4,138.0
1174,0.0,1.0,0.79,0.81,0.67,79.0
1176,0.57,1.46,0.61,0.74,0.23,174.88
1178,0.8,2.02,0.7,0.93,0.33,135.88
1179,0.44,1.18,0.81,0.86,0.5,54.0
1181,0.59,1.54,0.72,0.85,0.34,98.0
1184,0.8,1.89,0.63,0.81,0.21,104.0
1187,0.0,1.0,0.45,0.66,0.16,18.0
1190,0.38,1.19,0.64,0.73,0.22,140.8
1191,0.59,1.22,0.79,0.85,0.43,98.5
1193,0.24,1.16,0.68,0.73,0.35,138.8
1194,0.0,1.0,0.74,0.78,0.66,32.0
1195,0.45,1.25,0.78,0.86,0.48,115.33
1196,0.49,1.31,0.73,0.82,0.41,216.75
1199,0.58,1.37,0.66,0.78,0.38,131.0
1202,0.0,1.0,0.54,0.69,0.16,49.0
1205,0.1,1.04,0.72,0.77,0.43,135.0
1206,0.78,1.66,0.72,0.89,0.34,112.0
1207,0.0,1.0,0.6,0.64,0.21,6.0
1208,0.0,1.0,0.81,0.84,0.71,103.0
1210,0.67,1.79,0.71,0.9,0.37,96.32
1211,0.0,1.0,0.85,0.85,0.15,1.0
1212,0.26,1.15,0.74,0.79,0.51,186.5
1214,0.51,1.37,0.67,0.81,0.32,66.17
1215,0.69,1.51,0.68,0.81,0.27,138.64
1216,0.0,1.0,0.65,0.75,0.13,9.0
1219,0.3,1.17,0.49,0.66,0.22,193.0
1221,0.55,1.46,0.72,0.83,0.38,134.36
1222,0.34,1.19,0.52,0.65,0.14,29.88
1224,0.0,1.0,0.43,0.7,0.15,3.0
1225,0.0,1.0,0.39,0.57,0.13,35.0
1226,0.68,1.92,0.58,0.82,0.22,58.33
1229,0.0,1.0,0.61,0.71,0.18,73.0
1231,0.0,1.0,1.0,1.0,1.0,1.0
1232,0.71,1.76,0.56,0.73,0.16,122.57
1234,0.05,1.03,0.64,0.69,0.36,158.0
1235,0.09,1.04,0.61,0.71,0.28,66.5
1236,0.65,1.56,0.67,0.82,0.29,116.75
1237,0.4,1.26,0.59,0.69,0.28,143.4
1240,0.81,2.4,0.5,0.74,0.15,75.85
1241,0.23,1.05,0.68,0.74,0.2,86.0
1242,0.86,2.19,0.6,0.84,0.17,45.38
1243,0.5,1.01,0.73,0.76,0.36,72.5
1245,0.65,1.66,0.67,0.84,0.34,135.17
1246,0.31,1.19,0.6,0.71,0.2,84.0
1247,0.87,2.27,0.55,0.78,0.16,108.5
1249,0.0,1.0,0.52,0.58,0.12,5.0
1250,0.0,1.0,0.64,0.74,0.3,3.0
1252,0.0,1.0,0.52,0.67,0.18,62.0
1253,0.8,1.88,0.61,0.81,0.25,206.33
1255,0.0,1.0,0.65,0.65,0.25,4.0
1256,0.0,1.0,0.52,0.57,0.22,155.0
1257,0.37,1.21,0.7,0.78,0.4,14.5
1259,0.68,1.7,0.64,0.8,0.23,122.0
1261,0.0,1.0,0.6,0.78,0.21,8.0
1262,0.42,1.27,0.63,0.73,0.28,112.33
1267,0.0,1.0,0.83,0.86,0.49,13.0
1268,0.03,1.01,0.71,0.74,0.46,36.5
1270,0.61,1.54,0.63,0.78,0.35,109.43
1271,0.55,1.36,0.69,0.82,0.35,83.38
1275,0.79,1.78,0.74,0.92,0.23,89.6
1276,0.04,1.01,0.6,0.7,0.2,141.0
1282,0.48,1.4,0.71,0.81,0.41,144.5
1283,0.52,1.29,0.55,0.67,0.18,81.22
1285,0.0,1.0,0.8,0.8,0.2,1.0
1286,0.79,1.74,0.7,0.91,0.31,99.8
1287,0.0,1.0,0.57,0.6,0.08,3.0
1289,0.64,1.5,0.75,0.87,0.42,133.22
1290,0.0,1.0,0.44,0.77,0.13,4.0
1291,0.1,1.05,0.63,0.68,0.33,226.25
1293,0.61,1.54,0.63,0.74,0.22,76.56
1294,0.0,1.0,0.9,0.9,0.05,1.0
1295,0.03,1.01,0.6,0.68,0.21,42.0
1297,0.0,1.0,0.53,0.6,0.31,4.0
1299,0.16,1.03,0.57,0.66,0.18,72.0
1300,0.0,1.0,0.59,0.66,0.37,23.0
1301,0.0,1.0,0.54,0.64,0.15,2.0
1302,0.68,1.51,0.67,0.82,0.44,278.0
1305,0.75,1.78,0.62,0.8,0.25,190.69
1309,0.0,1.0,0.77,0.88,0.14,10.0
1310,0.0,1.0,0.73,0.77,0.51,54.0
1311,0.61,1.52,0.72,0.87,0.38,145.88
1314,0.0,1.0,0.53,0.63,0.43,8.0
1315,0.6,1.46,0.69,0.8,0.26,111.56
1316,0.78,1.97,0.58,0.79,0.19,113.5
1317,0.59,1.58,0.62,0.77,0.24,134.56
1318,0.02,1.01,0.79,0.83,0.63,189.0
1319,0.0,1.0,0.69,0.77,0.16,6.0
1320,0.0,1.0,0.75,0.75,0.25,1.0
1322,0.48,1.31,0.68,0.78,0.42,163.5
1323,0.0,1.0,0.59,0.68,0.31,10.0
1324,0.82,2.17,0.68,0.92,0.28,71.6
1325,0.66,1.36,0.82,0.92,0.47,48.33
1326,0.0,1.0,0.78,0.78,0.6,4.0
1328,0.02,1.01,0.79,0.82,0.68,168.0
1331,0.26,1.19,0.8,0.86,0.51,115.2
1332,0.62,1.63,0.7,0.85,0.27,68.17
1333,0.48,1.3,0.77,0.85,0.53,128.5
1334,0.53,1.22,0.8,0.87,0.42,55.0
1335,0.77,1.78,0.53,0.72,0.19,95.42
1336,0.57,1.58,0.64,0.79,0.3,69.76
1338,0.0,1.0,0.56,0.58,0.32,11.0
1339,0.0,1.0,0.58,0.73,0.24,8.0
1340,0.2,1.01,0.65,0.72,0.24,82.33
1342,0.0,1.0,0.54,0.69,0.14,5.0
1343,0.75,1.87,0.66,0.87,0.31,63.8
1344,0.0,1.0,0.6,0.72,0.23,31.0
1347,0.85,2.41,0.61,0.9,0.21,60.75
1348,0.0,1.0,0.86,0.86,0.07,1.0
1351,0.56,1.48,0.75,0.87,0.4,126.17
1352,0.4,1.19,0.77,0.82,0.42,173.5
1353,0.62,1.78,0.63,0.8,0.24,101.42
1355,0.84,1.18,0.75,0.81,0.2,37.0
1356,0.65,1.68,0.57,0.73,0.21,129.71
1359,0.58,1.5,0.65,0.79,0.33,238.2
1360,0.0,1.0,0.64,0.71,0.12,2.0
1362,0.55,1.46,0.56,0.7,0.14,33.3
1364,0.73,1.96,0.58,0.77,0.2,226.0
1365,0.56,1.33,0.72,0.81,0.24,68.0
1367,0.0,1.0,0.5,0.5,0.5,1.0
1368,0.54,1.42,0.64,0.77,0.22,46.0
1369,0.51,1.03,0.73,0.77,0.24,50.0
1372,0.0,1.0,0.65,0.69,0.44,98.0
1373,0.0,1.0,0.55,0.63,0.23,105.0
1374,0.71,1.49,0.64,0.77,0.24,123.5
1375,0.0,1.0,0.64,0.74,0.1,3.0
1376,0.77,1.6,0.77,0.93,0.33,77.91
1377,0.34,1.23,0.61,0.71,0.29,48.82
1378,0.23,1.07,0.6,0.68,0.25,94.0
1379,0.0,1.0,1.0,1.0,1.0,1.0
1380,0.0,1.0,0.44,0.5,0.31,3.0
1381,0.0,1.0,0.57,0.84,0.14,4.0
1382,0.52,1.14,0.84,0.89,0.53,27.57
1383,0.62,1.5,0.61,0.75,0.23,81.62
1386,0.66,1.67,0.74,0.9,0.36,95.75
1388,0.86,2.06,0.58,0.79,0.22,89.58
1390,0.82,2.17,0.65,0.9,0.2,45.04
1392,0.02,1.01,0.78,0.8,0.67,242.0
1395,0.73,1.71,0.58,0.79,0.24,113.17
1396,0.52,1.33,0.69,0.78,0.35,95.14
1400,0.04,1.01,0.71,0.75,0.39,95.67
1401,0.0,1.0,0.45,0.64,0.12,39.0
1403,0.4,1.29,0.78,0.87,0.52,140.8
1405,0.0,1.0,0.6,0.67,0.17,204.0
1406,0.54,1.4,0.62,0.75,0.29,200.2
1407,0.0,1.0,0.77,0.77,0.12,15.0
1410,0.45,1.27,0.81,0.88,0.47,68.11
1413,0.0,1.0,1.0,1.0,1.0,4.0
1414,0.0,1.0,0.52,0.69,0.4,10.0
1416,0.62,1.45,0.68,0.81,0.42,272.0
1417,0.0,1.0,0.52,0.62,0.16,5.0
1419,0.01,1.0,0.83,0.85,0.75,118.0
1421,0.65,1.63,0.73,0.88,0.34,60.6
1422,0.4,1.25,0.65,0.72,0.31,362.5
1423,0.18,1.05,0.76,0.81,0.52,107.8
1425,0.0,1.0,0.58,0.72,0.22,30.0
1426,0.55,1.58,0.67,0.82,0.26,72.47
1428,0.0,1.0,0.66,0.83,0.07,2.0
1430,0.71,1.9,0.61,0.84,0.31,137.12
1431,0.42,1.12,0.83,0.86,0.51,60.33
1432,0.39,1.18,0.62,0.7,0.29,144.25
1435,0.0,1.0,0.57,0.64,0.21,13.0
1437,0.0,1.0,0.81,0.84,0.71,96.0
1438,0.77,1.88,0.69,0.87,0.24,56.67
1440,0.03,1.02,0.8,0.83,0.65,218.5
1443,0.61,1.43,0.81,0.93,0.52,82.5
1446,0.0,1.0,0.57,0.65,0.06,2.0
1447,0.0,1.0,0.6,0.67,0.22,36.0
1448,0.56,1.51,0.66,0.81,0.35,86.22
1449,0.51,1.34,0.74,0.85,0.43,133.93
1450,0.0,1.0,0.7,0.75,0.26,19.0
1452,0.73,1.75,0.73,0.9,0.35,110.0
1454,0.56,1.58,0.72,0.88,0.39,123.57
1455,0.01,1.01,0.58,0.66,0.18,90.0
1458,0.0,1.0,0.74,0.77,0.54,237.0
1459,0.31,1.07,0.72,0.77,0.39,97.92
1462,0.3,1.05,0.75,0.8,0.5,135.86
1463,0.0,1.0,0.45,0.57,0.33,3.0
1466,0.0,1.0,0.7,0.73,0.56,11.0
1468,0.78,1.82,0.68,0.85,0.29,88.67
1469,0.0,1.0,0.8,0.84,0.69,79.0
1471,0.61,1.58,0.56,0.71,0.19,123.62
1472,0.53,1.43,0.61,0.73,0.29,179.29
1474,0.69,1.44,0.79,0.91,0.35,45.5
1476,0.57,1.39,0.64,0.75,0.23,73.17
1477,0.0,1.0,0.67,0.77,0.15,10.0
1479,0.79,1.82,0.68,0.85,0.19,39.71
1480,0.79,2.11,0.57,0.77,0.21,190.4
1481,0.0,1.0,0.61,0.67,0.43,29.0
1484,0.29,1.11,0.65,0.69,0.3,64.67
1485,0.0,1.0,0.61,0.71,0.19,88.0
1487,0.0,1.0,0.45,0.47,0.12,3.0
1489,0.0,1.0,1.0,1.0,1.0,1.0
1490,0.0,1.0,1.0,1.0,1.0,1.0
1491,0.0,1.0,0.58,0.61,0.4,8.0
1492,0.44,1.34,0.61,0.78,0.28,32.75
1493,0.65,1.43,0.68,0.8,0.26,127.5
1495,0.0,1.0,0.46,0.68,0.11,25.0
1497,0.45,1.14,0.74,0.8,0.4,75.25
1499,0.64,1.48,0.8,0.91,0.38,72.88
1500,0.65,1.67,0.69,0.87,0.32,69.0
1501,0.33,1.19,0.67,0.74,0.27,89.6
1503,0.81,2.19,0.63,0.86,0.23,114.0
1505,0.72,1.41,0.66,0.78,0.25,186.0
1507,0.69,1.78,0.6,0.76,0.23,350.07
1509,0.6,1.31,0.66,0.81,0.3,105.0
1510,0.0,1.0,0.6,0.66,0.23,27.0
1511,0.1,1.0,0.67,0.75,0.36,136.0
1512,0.61,1.44,0.73,0.84,0.25,56.31
1514,0.0,1.0,0.46,0.6,0.19,8.0
1515,0.69,1.76,0.71,0.86,0.37,95.78
1516,0.53,1.48,0.68,0.82,0.31,78.5
1517,0.0,1.0,0.73,0.78,0.41,14.0
1519,0.25,1.06,0.74,0.79,0.45,69.5
1520,0.14,1.04,0.87,0.88,0.68,42.5
1521,0.4,1.32,0.72,0.81,0.44,104.11
1523,0.59,1.53,0.57,0.73,0.23,311.22
1524,0.71,1.7,0.65,0.84,0.22,49.14
1527,0.0,1.0,0.6,0.64,0.3,4.0
1528,0.0,1.0,0.62,0.7,0.17,3.0
1529,0.0,1.0,0.65,0.75,0.09,13.0
1531,0.27,1.11,0.72,0.79,0.46,170.67
1533,0.77,1.99,0.65,0.87,0.28,109.08
1536,0.66,1.39,0.81,0.92,0.44,80.33
1537,0.0,1.0,0.84,0.86,0.72,124.0
1539,0.67,1.72,0.64,0.81,0.22,42.4
1540,0.0,1.0,0.61,0.66,0.26,26.0
1541,0.36,1.19,0.63,0.71,0.25,115.5
1544,0.0,1.0,0.76,0.79,0.62,160.0
1545,0.77,1.75,0.72,0.9,0.35,80.43
1546,0.21,1.11,0.72,0.78,0.42,198.5
1550,0.34,1.2,0.77,0.85,0.57,83.67
1551,0.0,1.0,0.54,0.63,0.12,4.0
1552,0.0,1.0,0.74,0.78,0.67,32.0
1554,0.69,1.63,0.71,0.88,0.4,117.0
1555,0.08,1.03,0.72,0.75,0.46,101.4
1557,0.28,1.12,0.68,0.75,0.37,102.2
1558,0.67,1.86,0.58,0.78,0.23,65.68
1559,0.0,1.0,1.0,1.0,1.0,1.0
1560,0.29,1.12,0.64,0.74,0.2,26.45
1562,0.43,1.2,0.65,0.73,0.27,187.5
1563,0.53,1.39,0.62,0.72,0.25,129.11
1565,0.0,1.0,0.49,0.7,0.21,5.0
1566,0.4,1.1,0.56,0.65,0.18,75.67
1567,0.68,1.71,0.7,0.87,0.32,51.38
1568,0.0,1.0,0.55,0.64,0.31,84.0
1569,0.55,1.5,0.57,0.7,0.25,397.2
1572,0.0,1.0,0.57,0.66,0.19,4.0
1573,0.69,1.63,0.66,0.81,0.36,137.5
1576,0.0,1.0,0.64,0.64,0.21,3.0
1577,0.83,2.17,0.67,0.92,0.22,47.83
1578,0.8,1.69,0.69,0.87,0.33,81.25
1580,0.0,1.0,0.68,0.68,0.21,24.0
1581,0.76,1.61,0.63,0.8,0.3,37.57
1582,0.28,1.07,0.77,0.81,0.43,200.33
1584,0.04,1.0,0.66,0.72,0.26,114.5
1585,0.71,1.71,0.66,0.84,0.27,60.67
1586,0.18,1.1,0.7,0.74,0.42,269.71
1588,0.71,1.7,0.62,0.8,0.23,86.0
1589,0.66,1.48,0.67,0.8,0.32,74.0
1592,0.8,2.28,0.54,0.8,0.17,14.23
1593,0.62,1.51,0.77,0.89,0.48,121.75
1596,0.0,1.0,0.56,0.68,0.12,47.0
1597,0.71,1.81,0.67,0.84,0.22,120.08
1599,0.68,1.57,0.56,0.73,0.22,283.75
1602,0.0,1.0,0.43,0.63,0.21,4.0
1603,0.0,1.0,0.46,0.61,0.15,28.0
1604,0.0,1.0,1.0,1.0,1.0,1.0
1605,0.34,1.2,0.64,0.7,0.3,228.67
1606,0.0,1.0,0.87,0.87,0.75,54.0
1608,0.0,1.0,0.43,0.62,0.17,5.0
1609,0.66,1.59,0.6,0.77,0.19,53.33
1611,0.66,1.55,0.55,0.7,0.16,87.75
1612,0.0,1.0,0.53,0.54,0.26,3.0
1614,0.0,1.0,0.78,0.89,0.11,1.0
1616,0.68,1.72,0.68,0.84,0.31,83.84
1617,0.68,1.63,0.57,0.73,0.25,46.77
1619,0.78,2.0,0.57,0.78,0.2,89.74
1620,0.0,1.0,0.65,0.69,0.15,14.0
1621,0.63,1.21,0.79,0.86,0.34,29.58
1623,0.58,1.58,0.67,0.83,0.35,141.5
1628,0.0,1.0,0.54,0.58,0.26,16.0
1629,0.37,1.15,0.81,0.85,0.46,88.67
1630,0.0,1.0,0.75,0.79,0.59,86.0
1631,0.22,1.07,0.62,0.73,0.39,165.25
1632,0.0,1.0,0.57,0.62,0.24,20.0
1633,0.53,1.33,0.73,0.84,0.4,98.4
1636,0.71,1.55,0.67,0.83,0.38,76.0
1637,0.7,1.59,0.75,0.88,0.39,333.0
1638,0.0,1.0,0.79,0.81,0.65,136.0
1639,0.71,1.41,0.73,0.83,0.24,67.29
1640,0.25,1.11,0.66,0.73,0.33,84.0
1641,0.0,1.0,0.67,0.67,0.33,1.0
1642,0.0,1.0,0.75,0.75,0.4,2.0
1645,0.31,1.05,0.77,0.81,0.49,152.5
1646,0.0,1.0,0.5,0.75,0.25,1.0
1647,0.0,1.0,0.59,0.66,0.21,6.0
1648,0.76,1.63,0.7,0.84,0.3,65.55
1649,0.31,1.14,0.63,0.71,0.28,91.5
1651,0.01,1.0,0.74,0.79,0.56,171.0
1652,0.0,1.0,0.4,0.6,0.1,4.0
1653,0.76,1.9,0.68,0.88,0.25,76.5
1654,0.57,1.43,0.66,0.77,0.3,157.44
1655,0.49,1.36,0.87,0.99,0.52,47.44
1656,0.76,1.86,0.62,0.82,0.24,89.41
1657,0.71,1.77,0.58,0.76,0.23,108.48
1660,0.0,1.0,0.75,0.78,0.5,67.0
1661,0.0,1.0,0.88,0.89,0.77,131.0
1663,0.0,1.0,0.42,0.58,0.4,2.0
1665,0.0,1.0,0.69,0.77,0.41,264.0
1666,0.0,1.0,0.8,0.81,0.6,39.0
1670,0.5,1.33,0.62,0.73,0.31,283.0
1671,0.7,1.89,0.68,0.89,0.38,148.45
1672,0.0,1.0,0.6,0.61,0.56,12.0
1673,0.0,1.0,0.52,0.62,0.17,3.0
1675,0.0,1.0,0.47,0.6,0.16,20.0
1676,0.25,1.01,0.86,0.87,0.49,60.5
1677,0.61,1.83,0.58,0.78,0.25,308.44
1679,0.54,1.33,0.74,0.84,0.4,77.4
1681,0.0,1.0,0.86,0.86,0.79,140.0
1682,0.85,1.65,0.73,0.87,0.22,39.89
1683,0.8,1.8,0.69,0.88,0.32,87.07
1686,0.0,1.0,1.0,1.0,1.0,1.0
1687,0.64,1.66,0.69,0.86,0.35,91.74
1689,0.79,1.72,0.71,0.87,0.29,107.29
1690,0.83,2.15,0.63,0.87,0.24,108.0
1694,0.7,1.86,0.6,0.8,0.25,249.78
1696,0.7,1.47,0.75,0.87,0.35,79.8
1697,0.0,1.0,0.73,0.75,0.5,54.0
1699,0.02,1.0,0.76,0.79,0.6,141.0
1700,0.58,1.7,0.59,0.77,0.26,106.6
1701,0.34,1.19,0.66,0.75,0.34,107.0
1703,0.82,2.51,0.57,0.87,0.21,41.59
1706,0.66,1.58,0.57,0.68,0.17,67.8
1707,0.0,1.0,1.0,1.0,1.0,1.0
1708,0.0,1.0,0.47,0.62,0.13,130.0
1709,0.59,1.52,0.58,0.72,0.24,152.5
1711,0.0,1.0,0.4,0.6,0.4,1.0
1712,0.6,1.42,0.67,0.78,0.32,91.67
1713,0.59,1.5,0.67,0.8,0.35,217.6
1714,0.79,1.42,0.64,0.77,0.21,117.43
1716,0.0,1.0,1.0,1.0,1.0,1.0
1717,0.0,1.0,0.6,0.9,0.1,1.0
1719,0.0,1.0,0.5,0.75,0.25,1.0
1720,0.35,1.21,0.62,0.71,0.21,110.2
1721,0.0,1.0,0.78,0.8,0.6,328.0
1723,0.0,1.0,1.0,1.0,1.0,1.0
1724,0.0,1.0,0.43,0.57,0.14,1.0
1726,0.39,1.33,0.67,0.78,0.35,81.75
1727,0.62,1.33,0.64,0.74,0.22,70.71
1728,0.0,1.0,0.45,0.64,0.12,42.0
1730,0.0,1.0,1.0,1.0,1.0,4.0
1731,0.0,1.0,0.61,0.68,0.39,50.0
1734,0.55,1.33,0.57,0.69,0.31,137.67
1735,0.23,1.14,0.72,0.78,0.48,200.2
1736,0.0,1.0,0.59,0.67,0.32,242.0
1737,0.66,1.67,0.66,0.81,0.33,70.1
1739,0.65,1.46,0.67,0.84,0.41,36.5
1740,0.58,1.38,0.73,0.85,0.36,72.6
1742,0.79,1.94,0.64,0.83,0.24,49.14
1745,0.69,1.84,0.63,0.83,0.28,59.0
1746,0.8,1.88,0.66,0.86,0.24,13.78
1747,0.57,1.27,0.68,0.77,0.27,46.17
1748,0.76,1.58,0.6,0.76,0.24,94.0
1749,0.06,1.02,0.71,0.76,0.55,103.0
1752,0.7,1.53,0.71,0.86,0.35,121.75
1754,0.0,1.0,0.49,0.6,0.22,7.0
1755,0.0,1.0,0.61,0.69,0.29,26.0
1756,0.55,1.36,0.73,0.84,0.41,147.8
1758,0.0,1.0,0.51,0.64,0.18,18.0
1762,0.61,1.49,0.72,0.84,0.38,202.0
1763,0.0,1.0,0.59,0.63,0.44,21.0
1764,0.0,1.0,0.64,0.88,0.12,2.0
1765,0.7,1.53,0.74,0.86,0.37,83.0
1766,0.81,1.83,0.69,0.86,0.25,55.29
1767,0.58,1.49,0.69,0.82,0.3,48.43
1768,0.0,1.0,0.79,0.82,0.64,71.0
1769,0.0,1.0,0.64,0.72,0.3,19.0
1771,0.5,1.21,0.76,0.83,0.44,93.6
1773,0.0,1.0,1.0,1.0,1.0,1.0
1776,0.45,1.43,0.66,0.8,0.36,43.5
1779,0.42,1.31,0.67,0.79,0.34,56.3
1781,0.71,1.7,0.69,0.85,0.34,69.0
1782,0.86,1.8,0.61,0.78,0.21,38.6
1784,0.52,1.38,0.65,0.76,0.28,118.43
1786,0.84,2.18,0.68,0.9,0.27,131.4
1787,0.64,1.44,0.68,0.81,0.33,71.0
1788,0.46,1.38,0.74,0.84,0.35,162.5
1790,0.42,1.22,0.68,0.77,0.41,239.5
1791,0.34,1.2,0.44,0.61,0.14,19.75
1792,0.57,1.28,0.8,0.87,0.45,112.0
1793,0.0,1.0,0.75,0.79,0.64,97.0
1794,0.71,1.93,0.64,0.82,0.23,59.33
1795,0.56,1.41,0.7,0.83,0.34,85.67
1797,0.85,2.07,0.62,0.83,0.2,121.5
1800,0.73,1.68,0.57,0.69,0.16,78.5
1801,0.73,1.9,0.69,0.88,0.27,59.12
1803,0.71,1.65,0.7,0.85,0.28,90.0
1804,0.58,1.31,0.57,0.68,0.2,80.25
1805,0.0,1.0,0.43,0.57,0.2,5.0
1807,0.55,1.35,0.64,0.74,0.35,172.57
1808,0.07,1.04,0.72,0.76,0.37,134.33
1812,0.53,1.41,0.7,0.79,0.37,201.6
1813,0.0,1.0,0.57,0.79,0.11,35.0
1814,0.64,1.45,0.67,0.79,0.39,120.0
1815,0.16,1.08,0.72,0.77,0.48,183.0
1816,0.76,1.75,0.69,0.87,0.3,175.6
1817,0.41,1.14,0.71,0.77,0.4,126.83
1821,0.67,1.68,0.66,0.83,0.26,72.23
1822,0.26,1.08,0.6,0.7,0.22,71.67
1823,0.6,1.5,0.6,0.75,0.23,86.5
1824,0.02,1.01,0.88,0.9,0.76,59.5
1827,0.48,1.33,0.72,0.82,0.39,125.0
1828,0.0,1.0,0.65,0.73,0.09,7.0
1829,0.66,1.39,0.75,0.87,0.34,96.25
1830,0.73,1.85,0.72,0.9,0.36,108.75
1831,0.66,1.55,0.74,0.87,0.3,98.33
1834,0.0,1.0,0.39,0.55,0.15,2.0
1835,0.73,1.79,0.68,0.86,0.26,114.5
1837,0.82,2.13,0.62,0.85,0.25,72.56
1838,0.0,1.0,0.59,0.73,0.27,254.0
1839,0.0,1.0,1.0,1.0,1.0,1.0
1841,0.34,1.32,0.74,0.84,0.36,63.67
1842,0.67,1.68,0.62,0.77,0.23,87.11
1843,0.73,1.7,0.67,0.86,0.34,64.08
1845,0.0,1.0,0.49,0.85,0.09,2.0
1847,0.48,1.38,0.72,0.84,0.37,79.5
1848,0.3,1.16,0.62,0.66,0.21,35.5
1850,0.68,1.73,0.64,0.8,0.22,113.4
1851,0.76,1.84,0.61,0.79,0.22,142.11
1853,0.77,1.78,0.73,0.9,0.29,94.88
1855,0.66,1.74,0.65,0.84,0.29,54.73
1856,0.68,1.52,0.73,0.88,0.32,43.5
1857,0.38,1.19,0.8,0.84,0.38,39.67
1859,0.01,1.01,0.75,0.78,0.56,95.0
1861,0.38,1.11,0.77,0.83,0.43,78.5
1864,0.0,1.0,0.71,0.74,0.53,247.0
1865,0.75,1.85,0.57,0.75,0.23,206.2
1869,0.29,1.15,0.6,0.69,0.28,183.0
1871,0.08,1.04,0.82,0.88,0.76,26.0
1873,0.66,1.57,0.71,0.84,0.29,74.85
1874,0.62,1.57,0.69,0.82,0.36,110.85
1876,0.0,1.0,0.61,0.86,0.32,6.0
1877,0.0,1.0,1.0,1.0,1.0,1.0
1880,0.72,1.79,0.66,0.85,0.31,78.43
1881,0.81,2.19,0.6,0.82,0.18,93.58
1882,0.15,1.06,0.6,0.71,0.19,50.91
1883,0.36,1.26,0.58,0.7,0.25,24.3
1886,0.69,1.82,0.54,0.74,0.22,66.56
1887,0.73,1.72,0.73,0.9,0.35,82.43
1890,0.8,1.8,0.72,0.89,0.37,91.33
1891,0.81,1.98,0.66,0.88,0.26,89.14
1892,0.65,1.57,0.67,0.84,0.34,75.17
1895,0.7,1.61,0.7,0.84,0.33,113.46
1897,0.0,1.0,0.77,0.81,0.72,15.0
1898,0.04,1.02,0.74,0.79,0.53,120.5
1900,0.0,1.0,0.46,0.51,0.14,5.0
1901,0.0,1.0,0.6,0.69,0.34,228.0
1902,0.31,1.17,0.53,0.66,0.17,41.0
1904,0.0,1.0,0.39,0.64,0.18,2.0
1905,0.67,1.21,0.68,0.74,0.38,47.75
1906,0.0,1.0,0.92,0.92,0.71,4.0
1908,0.48,1.33,0.72,0.84,0.47,149.75
1909,0.0,1.0,0.45,0.63,0.29,5.0
1911,0.77,2.11,0.6,0.84,0.21,90.86
1913,0.0,1.0,0.55,0.64,0.28,180.0
1914,0.19,1.1,0.73,0.78,0.55,168.25
1916,0.68,1.45,0.73,0.84,0.32,116.89
1917,0.61,1.65,0.66,0.83,0.31,209.77
1918,0.0,1.0,0.58,0.68,0.14,66.0
1921,0.0,1.0,0.41,0.61,0.14,7.0
1923,0.2,1.1,0.71,0.75,0.44,134.25
1924,0.78,1.58,0.69,0.8,0.25,62.33
1925,0.43,1.37,0.79,0.87,0.43,105.5
1926,0.53,1.35,0.67,0.78,0.27,107.6
1927,0.57,1.25,0.75,0.85,0.3,30.4
1929,0.56,1.35,0.77,0.86,0.29,62.6
1931,0.0,1.0,0.53,0.71,0.12,9.0
1932,0.63,1.37,0.73,0.84,0.28,99.2
1933,0.0,1.0,0.68,0.68,0.22,6.0
1934,0.07,1.01,0.82,0.85,0.39,43.0
1935,0.66,1.64,0.66,0.79,0.28,83.83
1936,0.31,1.04,0.62,0.7,0.32,65.75
1937,0.0,1.0,0.63,0.73,0.23,113.0
1938,0.0,1.0,0.62,0.77,0.16,10.0
1939,0.45,1.35,0.59,0.7,0.27,46.0
1940,0.0,1.0,0.49,0.69,0.17,8.0
1942,0.36,1.16,0.54,0.64,0.2,83.56
1943,0.0,1.0,0.54,0.66,0.24,20.0
1944,0.82,1.98,0.64,0.85,0.26,50.62
1945,0.6,1.4,0.65,0.79,0.36,182.5
1947,0.0,1.0,0.59,0.63,0.45,11.0
1948,0.0,1.0,0.71,0.71,0.05,1.0
1950,0.23,1.1,0.54,0.59,0.13,29.8
1952,0.24,1.12,0.46,0.63,0.13,33.0
1953,0.51,1.29,0.66,0.74,0.3,75.33
1954,0.0,1.0,0.5,0.64,0.13,89.0
1956,0.59,1.54,0.73,0.88,0.38,131.43
1957,0.76,1.98,0.64,0.86,0.26,67.85
1959,0.0,1.0,0.5,0.5,0.5,1.0
1960,0.82,2.02,0.63,0.85,0.26,113.14
1962,0.0,1.0,0.66,0.7,0.27,76.0
1963,0.65,1.63,0.71,0.84,0.4,106.5
1964,0.72,1.55,0.77,0.88,0.31,91.33
1966,0.0,1.0,0.61,0.69,0.12,2.0
1967,0.77,1.88,0.64,0.83,0.27,88.14
1968,0.0,1.0,0.49,0.69,0.1,4.0
1970,0.0,1.0,0.52,0.69,0.13,5.0
1971,0.75,1.82,0.65,0.83,0.26,49.5
1972,0.58,1.45,0.56,0.68,0.15,101.08
1975,0.0,1.0,0.73,0.9,0.14,3.0
1976,0.37,1.18,0.67,0.74,0.32,82.0
1978,0.2,1.12,0.56,0.67,0.21,9.5
1979,0.0,1.0,0.58,0.7,0.13,19.0
1980,0.0,1.0,0.49,0.58,0.1,8.0
1981,0.0,1.0,0.5,0.58,0.3,20.0
1982,0.0,1.0,1.0,1.0,1.0,1.0
1984,0.0,1.0,0.91,0.91,0.04,1.0
1986,0.66,1.63,0.75,0.91,0.39,23.33
1987,0.0,1.0,0.43,0.52,0.29,9.0
1988,0.0,1.0,0.78,0.81,0.55,70.0
1989,0.58,1.51,0.7,0.84,0.35,93.75
1991,0.37,1.25,0.59,0.69,0.22,51.38
1994,0.0,1.0,0.75,0.79,0.57,69.0
1996,0.63,1.48,0.74,0.84,0.45,78.0
1997,0.0,1.0,0.75,0.75,0.67,2.0
1998,0.41,1.23,0.76,0.85,0.53,153.5
1999,0.77,1.95,0.58,0.8,0.21,99.53
2001,0.0,1.0,0.76,0.79,0.14,6.0
2002,0.02,1.01,0.78,0.82,0.59,53.5
2003,0.62,1.54,0.62,0.73,0.25,198.85
2004,0.32,1.15,0.68,0.75,0.37,90.88
2005,0.0,1.0,0.93,0.93,0.88,175.0
2006,0.26,1.03,0.67,0.72,0.3,103.5
2007,0.84,2.04,0.68,0.91,0.19,37.73
2010,0.58,1.43,0.63,0.79,0.34,104.6
2011,0.49,1.36,0.81,0.89,0.51,144.5
2014,0.69,1.64,0.58,0.78,0.3,42.6
2015,0.7,1.49,0.68,0.82,0.42,204.0
2016,0.72,1.94,0.62,0.84,0.29,47.73
2017,0.84,2.43,0.51,0.73,0.13,26.23
2018,0.36,1.02,0.74,0.79,0.42,77.0
2020,0.67,1.61,0.65,0.81,0.31,213.0
2021,0.64,1.41,0.61,0.67,0.15,9.11
2023,0.0,1.0,0.44,0.87,0.12,2.0
2024,0.3,1.08,0.56,0.77,0.11,6.5
2027,0.0,1.0,0.48,0.53,0.14,13.0
2028,0.51,1.31,0.63,0.76,0.28,89.71
2030,0.0,1.0,0.81,0.84,0.64,132.0
2031,0.83,2.35,0.5,0.74,0.17,166.87
2032,0.0,1.0,0.58,0.67,0.09,8.0
2034,0.0,1.0,0.75,0.78,0.57,76.0
2035,0.6,1.53,0.72,0.84,0.31,84.45
2037,0.0,1.0,0.46,0.63,0.17,2.0
2038,0.57,1.7,0.64,0.79,0.33,72.0
2040,0.51,1.22,0.77,0.84,0.47,80.83
2042,0.0,1.0,0.55,0.62,0.22,70.0
2043,0.0,1.0,1.0,1.0,1.0,2.0
2044,0.0,1.0,0.8,0.81,0.7,156.0
2046,0.0,1.0,0.76,0.8,0.63,34.0
2047,0.0,1.0,0.55,0.67,0.18,31.0
2048,0.45,1.27,0.77,0.85,0.51,94.6
2049,0.76,1.82,0.63,0.81,0.25,64.62
2050,0.36,1.21,0.71,0.79,0.4,221.5
2052,0.68,1.57,0.65,0.81,0.29,165.38
2053,0.22,1.1,0.77,0.81,0.54,96.33
2054,0.0,1.0,0.76,0.76,0.33,3.0
2055,0.05,1.01,0.6,0.69,0.22,57.25
2056,0.68,1.87,0.57,0.75,0.19,152.29
2057,0.0,1.0,1.0,1.0,1.0,1.0
2058,0.61,1.28,0.76,0.83,0.33,155.33
2059,0.51,1.33,0.71,0.81,0.37,102.0
2060,0.63,1.5,0.73,0.87,0.34,117.4
2063,0.59,1.46,0.56,0.71,0.19,41.0
2064,0.87,2.0,0.57,0.79,0.2,102.88
2066,0.0,1.0,0.59,0.78,0.12,3.0
2068,0.79,1.75,0.73,0.9,0.24,54.12
2070,0.67,1.73,0.62,0.81,0.25,107.12
2073,0.46,1.28,0.57,0.68,0.26,269.33
2076,0.7,1.73,0.72,0.9,0.32,72.42
2077,0.0,1.0,0.46,0.66,0.09,2.0
2079,0.64,1.59,0.74,0.89,0.37,75.4
2080,0.0,1.0,0.49,0.83,0.1,13.0
2081,0.0,1.0,0.42,0.58,0.14,6.0
2082,0.03,1.01,0.58,0.63,0.37,167.0
2084,0.65,1.42,0.77,0.88,0.36,98.17
2085,0.59,1.48,0.73,0.86,0.45,164.0
2086,0.6,1.59,0.6,0.75,0.23,72.64
2087,0.55,1.41,0.74,0.85,0.47,221.67
2088,0.73,1.6,0.61,0.75,0.22,106.25
2091,0.0,1.0,0.7,0.7,0.33,2.0
2092,0.71,1.74,0.7,0.88,0.36,94.2
2093,0.24,1.17,0.77,0.83,0.42,138.67
2094,0.0,1.0,0.79,0.8,0.69,142.0
2096,0.58,1.52,0.64,0.79,0.25,107.8
2097,0.18,1.09,0.6,0.71,0.16,44.67
2098,0.0,1.0,0.49,0.6,0.21,13.0
2100,0.51,1.16,0.73,0.79,0.39,118.0
2101,0.65,1.36,0.65,0.77,0.21,98.33
2102,0.78,1.94,0.64,0.82,0.22,40.67
2103,0.51,1.31,0.62,0.74,0.22,236.5
2106,0.0,1.0,0.5,0.5,0.5,1.0
2107,0.0,1.0,1.0,1.0,1.0,2.0
2108,0.8,2.14,0.64,0.88,0.19,67.04
2109,0.0,1.0,0.57,0.79,0.2,6.0
2111,0.48,1.34,0.76,0.85,0.36,69.08
2112,0.79,1.66,0.66,0.81,0.23,48.5
2114,0.19,1.07,0.6,0.7,0.22,51.0
2115,0.0,1.0,0.57,0.74,0.13,9.0
2116,0.66,1.64,0.73,0.88,0.41,142.88
2118,0.85,2.58,0.57,0.87,0.2,84.8
2119,0.7,1.64,0.62,0.78,0.28,45.95
2121,0.6,1.6,0.74,0.88,0.29,80.0
2124,0.0,1.0,0.64,0.7,0.33,72.0
2126,0.74,1.57,0.69,0.86,0.23,35.33
2127,0.71,1.68,0.58,0.74,0.21,59.33
2129,0.44,1.33,0.61,0.73,0.29,216.0
2130,0.0,1.0,0.77,0.81,0.53,97.0
2131,0.0,1.0,0.65,0.71,0.39,363.0
2132,0.0,1.0,0.72,0.75,0.46,250.0
2135,0.88,2.69,0.5,0.78,0.13,30.49
2136,0.0,1.0,0.67,0.75,0.1,31.0
2137,0.39,1.26,0.71,0.81,0.47,40.67
2139,0.0,1.0,0.53,0.53,0.53,1.0
2141,0.0,1.0,0.58,0.58,0.06,2.0
2142,0.0,1.0,0.67,0.67,0.33,1.0
2144,0.0,1.0,0.88,0.88,0.4,2.0
2145,0.88,2.01,0.65,0.86,0.22,57.4
2146,0.0,1.0,0.65,0.7,0.29,36.0
2148,0.0,1.0,0.63,0.75,0.14,89.0
2149,0.65,1.58,0.74,0.89,0.4,133.0
2150,0.0,1.0,0.76,0.79,0.47,120.0
2153,0.45,1.18,0.75,0.82,0.4,82.5
2154,0.68,1.93,0.68,0.88,0.26,109.58
2157,0.69,1.72,0.64,0.82,0.25,152.14
2159,0.77,2.1,0.61,0.82,0.23,194.21
2160,0.66,1.44,0.64,0.77,0.26,111.0
2161,0.68,1.82,0.7,0.89,0.34,106.75
2162,0.0,1.0,0.66,0.71,0.51,55.0
2163,0.09,1.05,0.77,0.8,0.64,160.5
2164,0.0,1.0,0.73,0.77,0.38,70.0
2166,0.19,1.09,0.73,0.78,0.45,160.5
2168,0.0,1.0,0.5,0.5,0.5,1.0
2169,0.77,1.97,0.64,0.86,0.25,89.23
2170,0.81,1.58,0.74,0.91,0.29,77.0
2171,0.4,1.25,0.74,0.83,0.51,160.0
2172,0.0,1.0,0.6,0.75,0.19,11.0
2173,0.5,1.37,0.73,0.84,0.39,96.88
2174,0.53,1.42,0.63,0.72,0.19,96.6
2175,0.2,1.1,0.52,0.72,0.13,5.5
2176,0.0,1.0,0.51,0.64,0.3,11.0
2178,0.62,1.36,0.68,0.77,0.31,71.33
2182,0.38,1.06,0.62,0.69,0.23,115.5
2183,0.0,1.0,0.52,0.67,0.12,33.0
2185,0.0,1.0,0.5,0.69,0.09,103.0
2186,0.43,1.14,0.81,0.86,0.41,73.5
2187,0.63,1.52,0.62,0.77,0.22,62.73
2192,0.76,1.89,0.66,0.87,0.29,103.45
2193,0.78,1.67,0.62,0.81,0.23,65.5
2194,0.57,1.57,0.72,0.85,0.34,84.12
2195,0.45,1.31,0.58,0.68,0.21,309.83
2198,0.7,1.71,0.6,0.78,0.26,186.25
2200,0.71,1.92,0.55,0.76,0.19,53.19
2202,0.0,1.0,0.58,0.78,0.15,4.0
2203,0.17,1.11,0.65,0.71,0.31,64.67
2207,0.38,1.2,0.45,0.76,0.11,3.0
2208,0.0,1.0,1.0,1.0,1.0,1.0
2210,0.22,1.01,0.69,0.72,0.34,52.5
2212,0.09,1.01,0.79,0.81,0.4,66.0
2213,0.55,1.47,0.56,0.71,0.23,186.75
2215,0.7,1.77,0.59,0.75,0.22,121.33
2216,0.59,1.26,0.81,0.88,0.44,134.5
2218,0.0,1.0,0.75,0.75,0.77,11.0
2219,0.37,1.2,0.59,0.76,0.17,4.0
2220,0.55,1.25,0.72,0.8,0.32,156.56
2223,0.6,1.66,0.6,0.76,0.26,104.17
2226,0.0,1.0,1.0,1.0,1.0,1.0
2227,0.73,1.74,0.67,0.83,0.25,21.56
2228,0.49,1.33,0.7,0.83,0.43,97.5
2229,0.33,1.18,0.62,0.68,0.33,211.0
2233,0.53,1.39,0.61,0.73,0.25,95.25
2234,0.0,1.0,0.74,0.79,0.53,269.0
2235,0.0,1.0,0.54,0.66,0.24,23.0
2236,0.63,1.5,0.79,0.88,0.35,49.38
2237,0.72,1.45,0.74,0.85,0.28,63.6
2238,0.21,1.14,0.79,0.85,0.62,139.67
2239,0.35,1.05,0.58,0.64,0.28,46.0
2242,0.63,1.53,0.72,0.85,0.35,161.0
2244,0.82,1.95,0.63,0.84,0.29,87.86
2245,0.0,1.0,0.62,0.62,0.04,1.0
2247,0.0,1.0,0.77,0.79,0.62,188.0
2248,0.48,1.28,0.67,0.78,0.4,267.33
2253,0.0,1.0,0.33,0.75,0.17,2.0
2255,0.0,1.0,0.67,0.76,0.24,17.0
2258,0.0,1.0,0.57,0.62,0.27,9.0
2259,0.0,1.0,0.61,0.68,0.2,117.0
2260,0.0,1.0,0.75,0.78,0.51,62.0
2261,0.71,1.59,0.75,0.88,0.34,90.86
2264,0.0,1.0,0.75,0.75,0.18,4.0
2268,0.16,1.06,0.73,0.79,0.49,57.14
2269,0.13,1.03,0.62,0.68,0.3,120.0
2270,0.72,1.75,0.6,0.74,0.2,86.72
2272,0.0,1.0,0.68,0.71,0.47,39.0
2274,0.35,1.2,0.59,0.72,0.14,24.0
2275,0.29,1.17,0.68,0.74,0.44,168.0
2278,0.68,1.6,0.76,0.9,0.35,101.09
2279,0.0,1.0,0.83,0.85,0.79,165.0
2280,0.0,1.0,0.5,0.64,0.09,7.0
2282,0.18,1.05,0.64,0.67,0.26,175.8
2283,0.58,1.59,0.67,0.83,0.24,40.6
2284,0.61,1.48,0.67,0.81,0.29,50.2
2285,0.81,1.61,0.71,0.84,0.26,52.33
2287,0.73,1.77,0.69,0.89,0.35,69.73
2288,0.63,1.47,0.71,0.87,0.32,85.5
2290,0.8,1.87,0.61,0.8,0.19,161.22
2291,0.0,1.0,0.74,0.87,0.16,4.0
2292,0.02,1.01,0.87,0.88,0.73,274.0
2293,0.0,1.0,0.6,0.7,0.29,54.0
2295,0.32,1.15,0.75,0.8,0.42,89.0
2300,0.84,2.25,0.6,0.83,0.21,88.95
2302,0.68,1.49,0.79,0.93,0.49,102.0
2304,0.13,1.05,0.58,0.68,0.22,116.8
2306,0.02,1.01,0.65,0.71,0.31,82.5
2308,0.0,1.0,0.71,0.82,0.25,4.0
2310,0.0,1.0,0.33,0.57,0.11,3.0
2312,0.49,1.25,0.63,0.72,0.31,64.5
2313,0.0,1.0,0.74,0.77,0.67,4.0
2316,0.82,2.2,0.59,0.85,0.23,58.42
2317,0.0,1.0,0.33,0.44,0.22,1.0
2318,0.0,1.0,0.83,0.83,0.17,1.0
2319,0.1,1.05,0.64,0.74,0.21,129.0
2320,0.81,1.85,0.57,0.76,0.25,117.32
2321,0.85,2.24,0.61,0.86,0.27,105.07
2323,0.0,1.0,0.54,0.66,0.12,43.0
2324,0.67,1.76,0.72,0.9,0.32,79.64
2325,0.62,1.49,0.61,0.8,0.22,67.83
2326,0.33,1.13,0.59,0.67,0.29,69.33
2329,0.0,1.0,1.0,1.0,1.0,1.0
2330,0.25,1.11,0.66,0.77,0.25,35.17
2331,0.0,1.0,0.73,0.75,0.53,190.0
2332,0.0,1.0,0.74,0.81,0.18,7.0
2333,0.0,1.0,0.77,0.81,0.63,236.0
2334,0.46,1.15,0.81,0.85,0.47,62.67
2335,0.38,1.27,0.55,0.66,0.25,55.0
2336,0.76,1.79,0.68,0.84,0.25,68.67
2338,0.68,1.48,0.62,0.75,0.25,82.0
2340,0.0,1.0,0.37,0.68,0.18,5.0
2341,0.0,1.0,0.84,0.85,0.64,114.0
2342,0.28,1.13,0.62,0.74,0.19,48.09
2345,0.0,1.0,0.55,0.65,0.16,140.0
2347,0.78,1.69,0.72,0.88,0.31,68.89
2349,0.0,1.0,0.85,0.86,0.8,90.0
2350,0.81,1.91,0.67,0.85,0.21,76.0
2351,0.0,1.0,0.56,0.73,0.25,5.0
2352,0.64,1.71,0.69,0.86,0.37,106.5
2354,0.0,1.0,1.0,1.0,1.0,1.0
2355,0.74,1.7,0.64,0.81,0.25,50.33
2359,0.0,1.0,0.69,0.73,0.43,296.0
2362,0.0,1.0,0.53,0.59,0.22,393.0
2364,0.0,1.0,0.6,0.73,0.15,4.0
2365,0.76,1.66,0.68,0.82,0.31,173.43
2367,0.27,1.16,0.65,0.74,0.35,341.75
2368,0.44,1.23,0.72,0.8,0.45,134.83
2371,0.0,1.0,0.68,0.79,0.16,275.0
2372,0.0,1.0,0.7,0.75,0.55,133.0
2373,0.72,1.67,0.59,0.75,0.16,60.67
2376,0.0,1.0,0.87,0.88,0.81,90.0
2378,0.0,1.0,0.67,0.81,0.09,4.0
2380,0.62,1.45,0.63,0.75,0.3,61.0
2385,0.18,1.07,0.7,0.75,0.36,102.47
2386,0.08,1.04,0.86,0.88,0.71,103.5
2389,0.0,1.0,0.73,0.76,0.58,170.0
2390,0.0,1.0,1.0,1.0,1.0,5.0
2392,0.76,1.58,0.83,0.96,0.27,37.81
2395,0.79,1.64,0.66,0.78,0.19,74.0
2398,0.39,1.26,0.67,0.74,0.39,105.25
2400,0.86,2.44,0.58,0.88,0.19,84.2
2402,0.13,1.07,0.59,0.71,0.18,124.08
2404,0.71,1.79,0.64,0.84,0.32,88.92
2406,0.87,2.38,0.65,0.92,0.24,94.27
2408,0.05,1.02,0.58,0.7,0.22,122.5
2410,0.77,1.57,0.75,0.9,0.35,67.67
2411,0.65,1.62,0.55,0.71,0.15,46.9
2412,0.0,1.0,0.78,0.79,0.66,37.0
2413,0.0,1.0,0.82,0.84,0.76,240.0
2414,0.75,1.53,0.83,0.94,0.33,52.14
2417,0.0,1.0,0.67,0.67,0.17,1.0
2418,0.0,1.0,0.52,0.77,0.11,7.0
2419,0.0,1.0,0.7,0.7,0.13,6.0
2420,0.46,1.29,0.81,0.88,0.53,139.33
2421,0.56,1.59,0.64,0.8,0.24,60.17
2422,0.0,1.0,1.0,1.0,1.0,1.0
2423,0.8,1.75,0.69,0.87,0.3,115.67
2424,0.71,1.9,0.58,0.77,0.18,87.82
2425,0.74,1.9,0.67,0.85,0.25,104.47
2427,0.0,1.0,0.91,0.91,0.09,1.0
2429,0.78,1.81,0.58,0.78,0.25,48.67
2432,0.86,2.31,0.64,0.91,0.17,29.0
2433,0.47,1.37,0.71,0.83,0.3,146.67
2434,0.24,1.12,0.62,0.71,0.28,18.0
2435,0.0,1.0,0.85,0.95,0.05,1.0
2437,0.63,1.31,0.53,0.63,0.17,68.2
2438,0.0,1.0,1.0,1.0,1.0,1.0
2439,0.0,1.0,0.63,0.71,0.34,13.0
2440,0.68,1.65,0.62,0.76,0.13,44.5
2441,0.73,1.73,0.65,0.83,0.31,117.0
2443,0.27,1.14,0.89,0.93,0.72,8.0
2444,0.76,1.74,0.69,0.87,0.29,108.57
2445,0.46,1.35,0.64,0.74,0.33,141.62
2449,0.0,1.0,0.88,0.88,0.12,1.0
2450,0.75,1.98,0.58,0.79,0.22,272.61
2451,0.0,1.0,0.9,0.9,0.03,1.0
2453,0.69,1.63,0.67,0.83,0.26,75.7
2455,0.73,1.67,0.6,0.76,0.24,93.29
2457,0.79,1.92,0.6,0.82,0.18,18.94
2458,0.39,1.23,0.76,0.83,0.5,176.75
2459,0.0,1.0,0.59,0.64,0.31,6.0
2461,0.78,2.18,0.56,0.8,0.19,27.76
2462,0.0,1.0,0.74,0.81,0.3,34.0
2463,0.0,1.0,0.54,0.67,0.2,9.0
2465,0.0,1.0,0.72,0.76,0.57,239.0
2467,0.64,1.49,0.63,0.8,0.27,73.67
2468,0.0,1.0,0.57,0.62,0.27,16.0
2469,0.09,1.03,0.66,0.77,0.27,45.2
2470,0.74,1.86,0.64,0.85,0.32,168.0
2472,0.45,1.54,0.68,0.81,0.27,86.88
2475,0.0,1.0,0.66,0.66,0.29,5.0
2476,0.09,1.04,0.63,0.71,0.36,90.0
2478,0.55,1.58,0.71,0.85,0.36,104.0
2479,0.0,1.0,0.54,0.6,0.38,9.0
2480,0.7,1.66,0.71,0.89,0.3,87.09
2481,0.68,1.69,0.69,0.85,0.38,195.0
2483,0.73,1.68,0.72,0.89,0.37,77.12
2486,0.0,1.0,0.49,0.54,0.2,9.0
2489,0.0,1.0,0.51,0.67,0.08,17.0
2490,0.78,2.26,0.63,0.88,0.23,118.12
2492,0.01,1.01,0.73,0.77,0.56,147.0
2494,0.0,1.0,0.69,0.75,0.6,115.0
2495,0.39,1.29,0.61,0.7,0.23,65.0
2496,0.77,2.02,0.66,0.88,0.25,77.5
2497,0.44,1.27,0.71,0.81,0.4,99.8
2500,0.6,1.42,0.75,0.86,0.39,108.33
2503,0.82,2.12,0.65,0.9,0.27,73.08
2504,0.79,2.19,0.65,0.92,0.3,54.73
2505,0.74,1.96,0.66,0.88,0.29,85.21
2507,0.0,1.0,0.54,0.57,0.36,15.0
2508,0.74,1.73,0.69,0.84,0.3,143.82
2512,0.0,1.0,0.65,0.71,0.09,2.0
2514,0.24,1.19,0.78,0.84,0.63,112.0
2515,0.73,1.86,0.73,0.93,0.34,88.13
2518,0.0,1.0,0.59,0.76,0.17,6.0
2520,0.52,1.21,0.75,0.83,0.41,131.0
2521,0.0,1.0,1.0,1.0,1.0,1.0
2524,0.83,1.97,0.67,0.89,0.25,64.33
2525,0.0,1.0,0.5,0.57,0.21,4.0
2526,0.0,1.0,0.79,0.82,0.66,102.0
2527,0.67,1.78,0.7,0.89,0.31,65.08
2529,0.57,1.19,0.78,0.86,0.45,8.33
2530,0.85,1.96,0.67,0.87,0.22,103.25
2531,0.61,1.77,0.64,0.82,0.28,62.54
2532,0.76,2.12,0.58,0.81,0.21,277.92
2535,0.1,1.04,0.58,0.69,0.21,74.9
2538,0.0,1.0,0.46,0.6,0.13,13.0
2539,0.4,1.14,0.76,0.83,0.48,73.6
2540,0.04,1.01,0.44,0.66,0.09,34.0
2542,0.0,1.0,0.83,0.85,0.76,157.0
2543,0.75,1.73,0.72,0.88,0.29,114.43
2544,0.0,1.0,0.85,0.9,0.06,3.0
2545,0.0,1.0,0.59,0.62,0.24,20.0
2548,0.54,1.37,0.76,0.86,0.44,92.33
2549,0.74,1.73,0.72,0.88,0.3,151.17
2550,0.13,1.07,0.59,0.68,0.26,39.57
2553,0.73,1.46,0.72,0.85,0.32,72.0
2554,0.59,1.48,0.68,0.79,0.35,174.33
2555,0.49,1.38,0.54,0.66,0.23,153.83
2556,0.8,1.83,0.64,0.83,0.24,57.5
2558,0.05,1.03,0.67,0.75,0.46,60.0
2560,0.0,1.0,0.73,0.76,0.55,307.0
2561,0.76,1.79,0.7,0.88,0.31,90.4
2562,0.32,1.18,0.65,0.7,0.28,162.83
2566,0.44,1.23,0.75,0.84,0.45,84.0
2567,0.68,1.41,0.78,0.9,0.33,59.0
2569,0.0,1.0,0.55,0.81,0.11,5.0
2571,0.57,1.41,0.82,0.93,0.47,94.6
2573,0.7,1.7,0.69,0.87,0.32,75.42
2575,0.65,1.54,0.67,0.82,0.37,89.2
2576,0.58,1.57,0.58,0.71,0.25,252.36
2578,0.0,1.0,0.64,0.64,0.31,8.0
2579,0.53,1.62,0.66,0.8,0.3,58.38
2580,0.0,1.0,0.48,0.7,0.24,10.0
2581,0.0,1.0,0.5,0.7,0.11,2.0
2582,0.68,1.65,0.63,0.8,0.32,36.33
2583,0.79,1.94,0.58,0.79,0.24,258.8
2584,0.64,1.73,0.64,0.83,0.3,75.55
2585,0.0,1.0,0.65,0.67,0.35,45.0
2586,0.45,1.22,0.6,0.71,0.21,90.25
2587,0.42,1.25,0.68,0.78,0.42,100.0
2589,0.0,1.0,0.83,0.96,0.15,2.0
2590,0.1,1.04,0.59,0.7,0.18,182.0
2591,0.3,1.21,0.6,0.68,0.29,213.38
2592,0.34,1.17,0.71,0.78,0.35,92.88
2594,0.01,1.0,0.77,0.8,0.63,110.5
2595,0.0,1.0,0.57,0.6,0.2,3.0
2596,0.0,1.0,0.74,0.77,0.6,100.0
2597,0.68,1.63,0.6,0.8,0.35,91.0
2599,0.0,1.0,0.48,0.56,0.2,15.0
2600,0.0,1.0,1.0,1.0,1.0,1.0
2601,0.0,1.0,0.62,0.67,0.44,80.0
2602,0.73,1.77,0.76,0.94,0.35,94.5
2604,0.76,1.9,0.65,0.84,0.27,69.57
2605,0.0,1.0,0.56,0.68,0.2,26.0
2607,0.51,1.01,0.86,0.88,0.57,47.0
2608,0.19,1.1,0.8,0.83,0.53,74.67
2610,0.0,1.0,0.77,0.87,0.05,2.0
2612,0.0,1.0,1.0,1.0,1.0,1.0
2613,0.07,1.01,0.78,0.8,0.52,95.0
2614,0.0,1.0,0.54,0.62,0.25,2.0
2615,0.0,1.0,0.75,0.78,0.58,107.0
2616,0.0,1.0,1.0,1.0,1.0,1.0
2618,0.82,2.26,0.61,0.87,0.23,107.71
2619,0.67,1.72,0.72,0.86,0.36,64.9
2620,0.0,1.0,0.56,0.8,0.07,2.0
2622,0.78,1.84,0.66,0.84,0.21,39.0
2623,0.0,1.0,0.59,0.7,0.25,143.0
2626,0.81,1.73,0.66,0.85,0.24,120.5
2627,0.77,1.88,0.7,0.9,0.27,123.67
2628,0.0,1.0,0.47,0.61,0.11,31.0
2629,0.0,1.0,0.35,0.76,0.12,2.0
2631,0.48,1.3,0.62,0.72,0.23,103.0
2634,0.78,1.65,0.65,0.83,0.27,25.33
2635,0.87,2.71,0.53,0.84,0.16,40.71
2637,0.75,1.72,0.61,0.79,0.24,150.89
2638,0.0,1.0,0.53,0.53,0.05,1.0
2639,0.81,2.04,0.66,0.89,0.31,66.5
2641,0.26,1.01,0.81,0.82,0.37,41.5
2642,0.0,1.0,0.75,0.8,0.72,42.0
2643,0.0,1.0,0.57,0.63,0.25,7.0
2644,0.49,1.19,0.73,0.81,0.33,81.0
2645,0.0,1.0,0.55,0.69,0.12,22.0
2648,0.4,1.26,0.56,0.67,0.24,67.4
2649,0.0,1.0,0.71,0.73,0.45,21.0
2650,0.0,1.0,0.67,0.72,0.31,21.0
2652,0.0,1.0,0.68,0.85,0.1,15.0
2655,0.19,1.05,0.67,0.75,0.27,82.71
2657,0.37,1.17,0.64,0.7,0.21,60.6
2658,0.77,1.63,0.77,0.92,0.31,129.15
2660,0.0,1.0,0.83,0.83,0.74,29.0
2661,0.39,1.11,0.82,0.86,0.57,101.5
2664,0.11,1.04,0.58,0.69,0.24,46.11
2665,0.66,1.37,0.81,0.9,0.36,85.5
2666,0.54,1.43,0.66,0.76,0.31,189.0
2667,0.0,1.0,0.63,0.71,0.09,8.0
2668,0.0,1.0,0.81,0.82,0.61,105.0
2671,0.0,1.0,0.52,0.55,0.43,5.0
2672,0.0,1.0,0.61,0.84,0.15,3.0
2674,0.17,1.08,0.58,0.68,0.27,7.0
2675,0.29,1.12,0.56,0.67,0.19,124.62
2676,0.38,1.23,0.64,0.76,0.34,95.33
2677,0.52,1.33,0.64,0.72,0.26,55.89
2678,0.18,1.1,0.71,0.77,0.52,207.0
2680,0.0,1.0,0.43,0.6,0.28,15.0
2681,0.74,1.93,0.56,0.74,0.17,127.31
2683,0.0,1.0,0.59,0.7,0.17,82.0
2684,0.0,1.0,0.76,0.82,0.06,1.0
2687,0.76,1.89,0.54,0.71,0.15,25.25
2688,0.81,2.07,0.61,0.83,0.24,288.58
2689,0.63,1.45,0.7,0.83,0.36,73.67
2691,0.69,1.39,0.68,0.79,0.25,66.75
2693,0.79,2.0,0.62,0.83,0.24,129.88
2695,0.57,1.38,0.59,0.73,0.35,53.0
2696,0.68,1.51,0.61,0.76,0.24,160.62
2697,0.0,1.0,0.75,0.75,0.25,1.0
2698,0.64,1.62,0.71,0.85,0.38,84.5
2699,0.74,2.0,0.62,0.83,0.25,262.61
2701,0.52,1.55,0.74,0.87,0.37,64.71
2703,0.0,1.0,0.7,0.76,0.09,2.0
2704,0.46,1.19,0.83,0.9,0.62,55.33
2705,0.0,1.0,0.5,0.63,0.15,51.0
2706,0.0,1.0,1.0,1.0,1.0,1.0
2707,0.25,1.14,0.59,0.65,0.25,388.0
2708,0.04,1.02,0.72,0.77,0.44,92.71
2709,0.0,1.0,0.82,0.84,0.72,118.0
2710,0.62,1.6,0.68,0.82,0.3,114.79
2711,0.0,1.0,0.43,0.58,0.08,2.0
2712,0.16,1.08,0.58,0.67,0.27,203.0
2713,0.62,1.48,0.77,0.88,0.43,113.33
2714,0.64,1.56,0.65,0.8,0.26,61.58
2715,0.55,1.35,0.73,0.82,0.34,48.3
2717,0.62,1.6,0.74,0.89,0.33,77.38
2721,0.73,1.62,0.64,0.8,0.17,46.77
2723,0.76,1.81,0.65,0.85,0.26,62.26
2725,0.78,2.02,0.65,0.88,0.26,49.31
2726,0.0,1.0,0.67,0.73,0.39,70.0
2727,0.0,1.0,0.66,0.66,0.17,2.0
2728,0.6,1.36,0.67,0.76,0.22,65.0
2729,0.0,1.0,0.58,0.67,0.3,6.0
2731,0.28,1.19,0.76,0.81,0.53,50.67
2732,0.7,1.72,0.63,0.79,0.26,145.56
2733,0.0,1.0,0.6,0.66,0.27,13.0
2734,0.0,1.0,0.55,0.61,0.19,48.0
2735,0.82,1.94,0.61,0.82,0.25,91.89
2736,0.19,1.02,0.76,0.78,0.53,47.67
2737,0.66,1.88,0.64,0.85,0.27,56.96
2742,0.0,1.0,0.64,0.68,0.18,7.0
2744,0.0,1.0,0.93,0.93,0.74,7.0
2745,0.61,1.61,0.71,0.87,0.37,47.43
2746,0.0,1.0,0.65,0.75,0.15,5.0
2747,0.68,1.82,0.58,0.77,0.18,94.62
2748,0.78,2.09,0.65,0.88,0.24,129.55
2750,0.86,2.33,0.57,0.85,0.22,48.74
2754,0.63,1.59,0.66,0.8,0.33,71.73
2755,0.72,1.78,0.71,0.87,0.36,131.17
2757,0.6,1.59,0.67,0.81,0.37,138.75
2758,0.0,1.0,0.72,0.76,0.46,7.0
2759,0.0,1.0,0.31,0.52,0.11,3.0
2761,0.65,1.92,0.57,0.74,0.1,14.62
2762,0.0,1.0,0.88,0.88,0.12,1.0
2763,0.79,1.91,0.66,0.87,0.3,123.92
2764,0.0,1.0,0.97,0.97,0.03,1.0
2767,0.0,1.0,0.44,0.63,0.15,11.0
2768,0.08,1.03,0.6,0.69,0.3,66.4
2769,0.65,1.55,0.68,0.8,0.32,124.14
2770,0.0,1.0,0.59,0.63,0.3,44.0
2773,0.49,1.51,0.55,0.67,0.31,83.6
2775,0.61,1.58,0.55,0.69,0.22,157.83
2777,0.32,1.03,0.78,0.81,0.28,36.5
2778,0.26,1.14,0.6,0.7,0.19,20.0
2782,0.0,1.0,0.51,0.63,0.27,47.0
2783,0.0,1.0,1.0,1.0,1.0,1.0
2784,0.63,1.47,0.73,0.86,0.4,139.43
2786,0.47,1.26,0.76,0.82,0.36,120.0
2787,0.0,1.0,0.4,0.49,0.1,8.0
2788,0.0,1.0,1.0,1.0,1.0,1.0
2789,0.0,1.0,0.69,0.7,0.58,31.0
2790,0.58,1.53,0.61,0.75,0.31,73.12
2793,0.0,1.0,0.74,0.74,0.26,2.0
2794,0.63,1.48,0.69,0.84,0.3,61.29
2796,0.52,1.35,0.63,0.72,0.25,134.8
2801,0.48,1.15,0.77,0.83,0.37,41.0
2802,0.59,1.56,0.65,0.8,0.31,82.0
2803,0.06,1.03,0.7,0.76,0.38,136.0
2806,0.0,1.0,0.65,0.71,0.46,79.0
2807,0.29,1.17,0.73,0.78,0.45,130.83
2809,0.74,1.93,0.54,0.72,0.17,194.29
2810,0.27,1.04,0.65,0.67,0.16,12.5
2812,0.67,1.8,0.65,0.84,0.36,226.08
2814,0.0,1.0,0.66,0.66,0.38,31.0
2815,0.71,1.63,0.7,0.82,0.29,90.4
2819,0.71,1.96,0.57,0.79,0.21,111.18
2820,0.74,1.77,0.64,0.84,0.32,99.11
2821,0.0,1.0,0.75,0.75,0.4,2.0
2823,0.24,1.13,0.59,0.68,0.3,408.5
2824,0.0,1.0,0.63,0.63,0.19,4.0
2825,0.0,1.0,0.3,0.63,0.17,3.0
2827,0.59,1.46,0.66,0.78,0.27,88.62
2828,0.0,1.0,0.66,0.78,0.32,6.0
2829,0.66,1.41,0.8,0.9,0.46,119.33
2830,0.5,1.27,0.69,0.78,0.39,46.33
2831,0.75,1.41,0.71,0.83,0.36,65.14
2832,0.77,1.91,0.57,0.77,0.2,199.77
2833,0.1,1.02,0.83,0.86,0.47,64.5
2834,0.67,1.55,0.61,0.76,0.25,158.62
2836,0.79,2.12,0.65,0.86,0.26,223.15
2837,0.0,1.0,1.0,1.0,1.0,1.0
2838,0.64,1.48,0.72,0.86,0.48,60.5
2840,0.71,1.79,0.65,0.83,0.26,114.29
2841,0.5,1.23,0.65,0.73,0.26,54.2
2843,0.7,1.77,0.74,0.94,0.4,53.71
2845,0.0,1.0,0.45,0.59,0.16,48.0
2846,0.28,1.12,0.78,0.84,0.66,7.0
2849,0.46,1.33,0.73,0.83,0.39,61.6
2851,0.0,1.0,0.58,0.61,0.23,24.0
2853,0.64,1.58,0.74,0.86,0.39,47.71
2854,0.0,1.0,0.56,0.56,0.57,3.0
2855,0.76,1.78,0.63,0.82,0.32,291.33
2856,0.55,1.23,0.82,0.88,0.48,88.43
2857,0.63,1.43,0.54,0.7,0.24,82.5
2859,0.0,1.0,0.83,0.85,0.86,75.0
2860,0.0,1.0,0.82,0.84,0.7,32.0
2861,0.07,1.03,0.69,0.74,0.35,59.5
2862,0.76,1.91,0.66,0.86,0.24,125.4
2864,0.77,1.95,0.59,0.79,0.2,210.9
2865,0.76,1.9,0.71,0.9,0.33,149.17
2868,0.77,1.73,0.67,0.84,0.26,74.12
2869,0.54,1.2,0.88,0.94,0.47,93.33
2870,0.6,1.49,0.62,0.75,0.26,74.67
2874,0.17,1.01,0.78,0.81,0.36,79.5
2875,0.82,2.18,0.64,0.89,0.25,78.64
2876,0.86,1.83,0.61,0.81,0.17,35.75
2880,0.0,1.0,0.64,0.71,0.53,34.0
2881,0.81,2.02,0.6,0.81,0.22,166.0
2884,0.47,1.23,0.72,0.78,0.4,172.75
2885,0.42,1.19,0.72,0.78,0.41,103.0
2887,0.0,1.0,0.84,0.87,0.78,67.0
2888,0.59,1.55,0.59,0.74,0.26,150.05
2891,0.34,1.24,0.66,0.74,0.42,82.67
2892,0.49,1.35,0.68,0.78,0.36,131.31
2893,0.0,1.0,0.5,0.5,0.17,1.0
2894,0.22,1.04,0.73,0.78,0.47,133.4
2898,0.65,1.59,0.71,0.84,0.4,152.25
2899,0.0,1.0,0.49,0.59,0.17,7.0
2900,0.75,1.73,0.59,0.76,0.2,111.75
2902,0.75,1.75,0.6,0.79,0.25,59.0
2903,0.0,1.0,0.87,0.88,0.81,90.0
2904,0.78,2.0,0.52,0.73,0.16,104.92
2906,0.0,1.0,0.49,0.64,0.17,321.0
2907,0.0,1.0,0.43,0.5,0.23,21.0
2909,0.88,1.88,0.57,0.76,0.2,59.0
2910,0.64,1.46,0.66,0.77,0.29,116.2
2912,0.65,1.84,0.67,0.87,0.35,77.62
2913,0.41,1.24,0.8,0.87,0.57,87.75
2914,0.7,1.76,0.54,0.72,0.2,264.4
2920,0.19,1.08,0.71,0.78,0.3,102.43
2922,0.0,1.0,0.81,0.83,0.78,159.0
2923,0.03,1.01,0.78,0.82,0.59,67.5
2925,0.07,1.03,0.65,0.75,0.11,70.5
2926,0.61,1.52,0.68,0.82,0.31,47.44
2929,0.46,1.19,0.8,0.86,0.46,144.33
2930,0.74,1.71,0.58,0.72,0.17,219.4
2933,0.8,1.71,0.69,0.87,0.3,202.25
2935,0.41,1.26,0.52,0.61,0.19,211.8
2939,0.0,1.0,0.82,0.84,0.62,201.0
2940,0.47,1.3,0.72,0.83,0.48,213.5
2941,0.0,1.0,0.67,0.74,0.14,5.0
2945,0.67,1.67,0.72,0.88,0.4,101.5
2947,0.45,1.23,0.68,0.78,0.28,114.9
2948,0.0,1.0,0.5,0.5,0.5,1.0
2949,0.0,1.0,0.71,0.75,0.52,76.0
2950,0.0,1.0,0.78,0.82,0.59,115.0
2951,0.0,1.0,0.72,0.8,0.06,7.0
2952,0.73,2.08,0.61,0.85,0.19,29.29
2953,0.78,1.75,0.72,0.86,0.32,109.4
2954,0.0,1.0,0.69,0.76,0.28,19.0
2956,0.0,1.0,0.74,0.76,0.55,139.0
2958,0.92,2.77,0.53,0.9,0.19,26.58
2959,0.66,1.5,0.7,0.85,0.35,64.67
2960,0.62,1.62,0.66,0.83,0.28,56.75
2961,0.7,1.64,0.61,0.78,0.3,232.33
2962,0.0,1.0,0.58,0.64,0.61,5.0
2965,0.0,1.0,0.44,0.56,0.45,3.0
2968,0.85,2.27,0.61,0.86,0.21,58.5
2970,0.55,1.37,0.62,0.74,0.35,145.5
2975,0.73,1.86,0.61,0.79,0.21,96.52
2978,0.74,1.71,0.72,0.88,0.3,137.0
2979,0.05,1.02,0.7,0.77,0.41,109.5
2980,0.28,1.16,0.67,0.72,0.3,61.5
2982,0.0,1.0,0.53,0.82,0.12,4.0
2983,0.69,1.73,0.64,0.82,0.3,59.6
2985,0.06,1.01,0.77,0.8,0.63,43.5
2987,0.0,1.0,0.58,0.65,0.49,22.0
2988,0.0,1.0,0.55,0.61,0.22,5.0
2989,0.32,1.2,0.65,0.74,0.33,84.29
2990,0.0,1.0,0.52,0.6,0.2,3.0
2992,0.55,1.47,0.6,0.72,0.24,120.29
2995,0.62,1.6,0.67,0.83,0.3,66.0
2997,0.46,1.08,0.77,0.81,0.4,103.0
2998,0.1,1.03,0.7,0.74,0.36,16.5
3000,0.0,1.0,0.36,0.45,0.09,1.0
3001,0.77,1.99,0.64,0.86,0.22,80.5
3002,0.78,1.85,0.63,0.85,0.25,61.12
3004,0.66,1.41,0.63,0.79,0.24,61.25
3007,0.0,1.0,0.65,0.74,0.24,33.0
3008,0.02,1.01,0.63,0.71,0.39,51.5
3009,0.0,1.0,0.54,0.67,0.1,3.0
3010,0.0,1.0,0.82,0.84,0.66,105.0
3011,0.33,1.2,0.8,0.87,0.56,349.67
3013,0.64,1.43,0.81,0.92,0.55,120.5
3014,0.0,1.0,0.29,0.47,0.18,1.0
3015,0.28,1.13,0.52,0.63,0.17,42.5
3016,0.06,1.03,0.58,0.69,0.26,115.75
3017,0.0,1.0,0.46,0.68,0.1,10.0
3018,0.44,1.21,0.7,0.77,0.34,62.29
3019,0.0,1.0,0.89,0.91,0.81,206.0
3022,0.69,1.44,0.73,0.84,0.32,85.75
3023,0.63,1.38,0.68,0.82,0.25,48.0
3024,0.67,1.74,0.71,0.89,0.38,93.4
3025,0.0,1.0,0.74,0.85,0.19,5.0
3026,0.73,1.67,0.7,0.83,0.3,52.42
3027,0.0,1.0,0.73,0.79,0.55,205.0
3028,0.78,2.09,0.58,0.83,0.19,22.67
3032,0.61,1.4,0.71,0.82,0.21,59.14
3033,0.0,1.0,0.62,0.62,0.62,1.0
3038,0.72,1.9,0.58,0.79,0.24,281.65
3041,0.76,1.95,0.67,0.89,0.27,49.25
3042,0.0,1.0,0.44,0.56,0.11,1.0
3043,0.77,1.84,0.53,0.75,0.21,57.2
3044,0.72,1.55,0.63,0.79,0.24,32.2
3045,0.0,1.0,0.71,0.79,0.21,1.0
3046,0.83,1.97,0.66,0.87,0.28,85.88
3048,0.0,1.0,0.59,0.7,0.18,3.0
3049,0.36,1.21,0.67,0.77,0.41,144.0
3050,0.59,1.25,0.75,0.82,0.35,83.0
3051,0.69,1.56,0.58,0.68,0.19,149.33
3053,0.29,1.08,0.81,0.84,0.58,125.18
3054,0.7,1.58,0.69,0.86,0.39,100.5
3055,0.62,1.53,0.79,0.91,0.46,140.33
3056,0.36,1.17,0.79,0.84,0.39,66.5
3058,0.0,1.0,0.59,0.66,0.13,16.0
3059,0.01,1.01,0.66,0.7,0.39,169.0
3062,0.57,1.53,0.76,0.9,0.34,60.56
3063,0.68,1.55,0.61,0.74,0.28,50.6
3064,0.49,1.38,0.53,0.69,0.22,39.67
3065,0.0,1.0,0.83,0.83,0.17,1.0
3066,0.0,1.0,0.57,0.65,0.24,173.0
3067,0.0,1.0,1.0,1.0,1.0,1.0
3070,0.0,1.0,0.73,0.76,0.53,269.0
3071,0.0,1.0,0.5,0.5,0.5,1.0
3072,0.84,2.04,0.66,0.87,0.23,60.18
3073,0.43,1.3,0.68,0.77,0.39,103.0
3075,0.0,1.0,0.54,0.58,0.12,6.0
3079,0.65,1.46,0.65,0.81,0.34,101.67
3080,0.57,1.45,0.64,0.78,0.26,75.38
3081,0.0,1.0,0.56,0.73,0.17,3.0
3084,0.48,1.33,0.82,0.9,0.52,141.0
3085,0.0,1.0,0.6,0.7,0.12,5.0
3086,0.6,1.55,0.74,0.88,0.45,68.0
3087,0.66,1.75,0.67,0.83,0.28,88.8
3088,0.18,1.06,0.63,0.72,0.28,87.12
3091,0.0,1.0,0.59,0.68,0.39,22.0
3092,0.0,1.0,0.37,0.76,0.18,3.0
3094,0.01,1.0,0.75,0.8,0.56,193.0
3095,0.51,1.35,0.75,0.85,0.44,147.75
3096,0.54,1.55,0.57,0.73,0.24,39.17
3097,0.0,1.0,0.55,0.65,0.27,174.0
3099,0.4,1.24,0.77,0.82,0.53,28.5
3100,0.75,1.8,0.56,0.76,0.22,34.2
3103,0.79,2.26,0.6,0.84,0.2,109.43
3104,0.36,1.22,0.8,0.86,0.61,61.0
3106,0.0,1.0,0.72,0.77,0.57,147.0
3107,0.0,1.0,0.55,0.79,0.07,4.0
3108,0.0,1.0,0.87,0.93,0.07,1.0
3109,0.77,1.95,0.55,0.77,0.23,25.33
3110,0.04,1.02,0.49,0.64,0.16,37.67
3111,0.75,2.06,0.57,0.83,0.21,117.6
3113,0.0,1.0,0.67,0.73,0.66,18.0
3114,0.66,1.98,0.59,0.83,0.22,23.72
3115,0.85,2.16,0.64,0.86,0.24,105.92
3118,0.42,1.08,0.79,0.83,0.42,38.5
3119,0.23,1.13,0.71,0.77,0.37,209.2
3121,0.0,1.0,0.71,0.76,0.46,220.0
3122,0.75,1.68,0.68,0.84,0.31,88.6
3123,0.65,1.59,0.62,0.8,0.32,55.0
3124,0.28,1.05,0.53,0.57,0.27,10.5
3128,0.0,1.0,0.8,0.83,0.67,93.0
3129,0.54,1.27,0.74,0.82,0.38,64.67
3133,0.02,1.01,0.69,0.74,0.58,224.5
3134,0.67,1.5,0.62,0.77,0.19,71.1
3135,0.54,1.34,0.61,0.74,0.23,79.5
3137,0.0,1.0,0.53,0.65,0.17,64.0
3138,0.69,1.32,0.9,0.97,0.4,68.0
3139,0.0,1.0,0.59,0.66,0.16,6.0
3140,0.0,1.0,1.0,1.0,1.0,1.0
3142,0.73,1.5,0.74,0.85,0.29,58.0
3144,0.0,1.0,0.44,0.56,0.33,3.0
3145,0.88,2.36,0.61,0.87,0.19,104.35
3148,0.67,1.86,0.63,0.84,0.28,60.88
3150,0.74,1.89,0.62,0.84,0.25,65.55
3153,0.71,1.76,0.69,0.87,0.29,83.69
3156,0.46,1.33,0.75,0.83,0.36,85.11
3157,0.53,1.36,0.63,0.75,0.24,96.6
3158,0.71,1.84,0.53,0.72,0.2,253.18
3159,0.13,1.08,0.54,0.64,0.26,95.0
3160,0.55,1.28,0.75,0.83,0.35,79.67
3162,0.68,1.69,0.6,0.78,0.34,14.0
3163,0.65,1.8,0.55,0.71,0.15,102.63
3164,0.0,1.0,0.57,0.65,0.25,14.0
3165,0.0,1.0,0.54,0.65,0.16,24.0
3166,0.25,1.13,0.53,0.63,0.15,126.8
3167,0.0,1.0,0.55,0.6,0.25,13.0
3169,0.5,1.33,0.36,0.45,0.16,2.0
3170,0.28,1.14,0.67,0.74,0.45,319.0
3171,0.34,1.16,0.69,0.78,0.32,126.38
3172,0.57,1.56,0.69,0.84,0.3,37.2
3175,0.86,1.92,0.67,0.89,0.26,58.4
3178,0.67,1.87,0.51,0.71,0.14,77.79
3179,0.0,1.0,0.87,0.88,0.74,227.0
3183,0.58,1.52,0.61,0.72,0.22,95.83
3184,0.0,1.0,0.85,0.87,0.81,156.0
3185,0.6,1.37,0.69,0.8,0.23,87.5
3186,0.69,1.77,0.62,0.82,0.21,98.24
3187,0.74,1.78,0.72,0.91,0.37,57.38
3188,0.0,1.0,0.73,0.76,0.61,46.0
3189,0.0,1.0,0.78,0.82,0.62,114.0
3191,0.63,1.51,0.66,0.8,0.27,40.18
3194,0.0,1.0,0.79,0.83,0.44,4.0
3195,0.55,1.21,0.71,0.79,0.34,94.11
3198,0.03,1.01,0.67,0.7,0.48,152.5
3199,0.71,1.71,0.75,0.92,0.34,85.56
3200,0.0,1.0,0.7,0.84,0.08,3.0
3203,0.44,1.21,0.65,0.77,0.35,69.2
3205,0.0,1.0,0.48,0.68,0.17,19.0
3206,0.61,1.49,0.61,0.75,0.19,79.11
3207,0.55,1.34,0.64,0.75,0.21,120.4
3209,0.65,1.54,0.68,0.82,0.41,142.67
3210,0.67,1.55,0.64,0.79,0.34,74.93
3213,0.0,1.0,0.78,0.81,0.61,75.0
3216,0.0,1.0,0.57,0.66,0.15,2.0
3218,0.6,1.63,0.56,0.72,0.24,165.67
3221,0.07,1.03,0.68,0.74,0.49,177.67
3222,0.31,1.22,0.74,0.81,0.4,81.0
3223,0.69,1.78,0.66,0.82,0.25,66.67
3226,0.0,1.0,0.79,0.81,0.67,148.0
3227,0.81,2.31,0.6,0.82,0.2,77.21
3228,0.63,1.61,0.67,0.81,0.4,234.0
3230,0.78,2.18,0.62,0.88,0.24,92.71
3231,0.0,1.0,0.5,0.5,0.25,1.0
3232,0.69,1.37,0.79,0.9,0.4,98.17
3237,0.0,1.0,1.0,1.0,1.0,1.0
3238,0.67,1.68,0.71,0.87,0.29,63.0
3239,0.67,1.78,0.61,0.75,0.25,26.0
3240,0.59,1.65,0.71,0.87,0.39,122.54
3242,0.63,1.31,0.72,0.82,0.37,81.33
3243,0.56,1.49,0.71,0.83,0.38,218.0
3245,0.47,1.26,0.57,0.69,0.17,59.33
3249,0.68,1.25,0.78,0.86,0.31,52.8
3250,0.0,1.0,0.6,0.66,0.33,244.0
3251,0.33,1.21,0.59,0.68,0.26,174.4
3252,0.0,1.0,0.64,0.72,0.2,50.0
3253,0.0,1.0,0.45,0.72,0.09,4.0
3256,0.67,1.5,0.66,0.78,0.33,141.33
3257,0.0,1.0,0.45,0.71,0.11,5.0
3258,0.5,1.2,0.69,0.77,0.31,81.78
3259,0.52,1.32,0.75,0.84,0.49,247.5
3262,0.0,1.0,0.56,0.56,0.29,2.0
3263,0.0,1.0,0.83,0.83,0.17,1.0
3264,0.0,1.0,0.69,0.71,0.11,4.0
3265,0.66,1.47,0.68,0.81,0.37,63.4
3266,0.0,1.0,0.8,0.82,0.54,21.0
3268,0.62,1.27,0.74,0.84,0.43,132.6
3269,0.61,1.61,0.62,0.77,0.29,166.17
3270,0.2,1.12,0.67,0.76,0.45,148.33
3272,0.54,1.3,0.75,0.85,0.39,53.29
3273,0.84,2.38,0.62,0.87,0.19,82.31
3274,0.71,1.67,0.57,0.71,0.23,89.67
3275,0.0,1.0,0.66,0.78,0.09,49.0
3276,0.76,1.58,0.69,0.83,0.27,45.3
3278,0.0,1.0,0.41,0.57,0.22,12.0
3279,0.0,1.0,0.69,0.73,0.42,276.0
3280,0.34,1.14,0.76,0.83,0.52,152.0
3283,0.67,1.65,0.61,0.79,0.26,70.56
3284,0.66,1.59,0.54,0.69,0.18,89.43
3287,0.01,1.0,0.62,0.74,0.19,150.5
3288,0.03,1.01,0.58,0.66,0.29,132.0
3289,0.0,1.0,0.63,0.73,0.23,3.0
3291,0.29,1.06,0.76,0.79,0.49,120.6
3293,0.14,1.07,0.56,0.68,0.2,21.4
3295,0.62,1.22,0.7,0.78,0.28,60.33
3296,0.0,1.0,1.0,1.0,1.0,1.0
3298,0.0,1.0,0.45,0.91,0.05,2.0
3299,0.79,2.24,0.57,0.85,0.22,56.06
3300,0.75,1.69,0.58,0.75,0.22,113.33
3301,0.0,1.0,0.61,0.78,0.12,22.0
3302,0.0,1.0,0.65,0.68,0.07,2.0
3303,0.31,1.13,0.67,0.75,0.32,57.6
3304,0.57,1.28,0.63,0.7,0.27,70.67
3305,0.76,1.99,0.58,0.77,0.19,89.9
3306,0.69,1.68,0.64,0.79,0.21,137.47
3309,0.64,1.69,0.67,0.84,0.27,83.4
3310,0.0,1.0,0.8,0.8,0.1,1.0
3311,0.0,1.0,0.49,0.63,0.16,17.0
3312,0.75,1.65,0.52,0.68,0.12,54.29
3314,0.65,1.49,0.69,0.82,0.34,71.29
3316,0.22,1.08,0.81,0.83,0.67,6.5
3317,0.71,1.6,0.74,0.88,0.37,71.2
3318,0.0,1.0,0.5,0.6,0.18,40.0
3320,0.45,1.25,0.58,0.68,0.28,185.78
3321,0.75,1.8,0.56,0.74,0.23,89.12
3322,0.0,1.0,0.69,0.77,0.34,197.0
3324,0.0,1.0,0.81,0.84,0.66,107.0
3325,0.89,2.13,0.61,0.86,0.14,36.07
3326,0.0,1.0,0.63,0.75,0.1,13.0
3327,0.72,2.01,0.64,0.89,0.26,56.12
3329,0.0,1.0,0.64,0.74,0.21,4.0
3330,0.0,1.0,0.78,0.79,0.68,95.0
3332,0.63,1.49,0.67,0.81,0.26,72.62
3334,0.0,1.0,0.51,0.73,0.17,4.0
3337,0.8,2.15,0.62,0.87,0.2,65.17
3341,0.74,1.74,0.66,0.8,0.3,100.33
3342,0.0,1.0,0.41,0.58,0.12,3.0
3343,0.0,1.0,0.57,0.74,0.14,3.0
3345,0.8,1.88,0.59,0.78,0.24,83.14
3348,0.83,2.11,0.68,0.93,0.25,38.0
3350,0.0,1.0,0.78,0.8,0.63,211.0
3351,0.0,1.0,0.74,0.76,0.6,102.0
3352,0.0,1.0,0.6,0.76,0.14,11.0
3355,0.02,1.01,0.8,0.84,0.55,68.5
3356,0.68,1.87,0.55,0.75,0.2,110.5
3357,0.0,1.0,0.56,0.66,0.15,13.0
3358,0.0,1.0,0.57,0.76,0.11,24.0
3360,0.41,1.3,0.62,0.72,0.37,109.25
3361,0.93,3.01,0.56,0.92,0.15,15.04
3363,0.42,1.19,0.71,0.78,0.41,106.5
3364,0.85,2.52,0.55,0.84,0.19,22.5
3368,0.0,1.0,0.57,0.86,0.14,1.0
3369,0.69,1.81,0.51,0.66,0.23,54.0
3370,0.36,1.08,0.71,0.75,0.35,95.33
3372,0.73,1.61,0.7,0.84,0.21,32.83
3373,0.68,1.64,0.65,0.83,0.32,86.67
3374,0.0,1.0,0.53,0.63,0.06,7.0
3375,0.44,1.32,0.71,0.8,0.45,163.29
3377,0.0,1.0,0.67,0.67,0.33,1.0
3378,0.55,1.32,0.73,0.81,0.34,90.75
3379,0.69,1.66,0.75,0.92,0.37,71.25
3381,0.0,1.0,0.62,0.82,0.08,49.0
3382,0.68,1.42,0.77,0.87,0.45,117.0
3384,0.75,1.92,0.64,0.83,0.36,132.29
3386,0.0,1.0,0.78,0.8,0.67,165.0
3388,0.0,1.0,0.39,0.55,0.17,8.0
3389,0.69,1.65,0.69,0.87,0.32,69.0
3392,0.02,1.01,0.8,0.82,0.68,178.25
3393,0.0,1.0,0.83,0.83,0.17,3.0
3394,0.0,1.0,0.38,0.41,0.04,2.0
3397,0.83,1.72,0.68,0.85,0.29,63.0
3400,0.0,1.0,1.0,1.0,1.0,2.0
3401,0.56,1.39,0.65,0.75,0.31,368.0
3402,0.48,1.39,0.53,0.65,0.16,73.5
3403,0.23,1.18,0.69,0.78,0.42,77.6
3405,0.83,1.74,0.6,0.8,0.2,59.43
3406,0.6,1.56,0.51,0.65,0.15,140.43
3408,0.88,2.53,0.6,0.92,0.18,78.53
3409,0.67,1.62,0.64,0.8,0.32,154.55
3411,0.72,1.62,0.7,0.86,0.29,82.4
3413,0.49,1.38,0.6,0.72,0.3,173.91
3414,0.0,1.0,0.88,0.9,0.79,131.0
3415,0.0,1.0,0.6,0.8,0.2,1.0
3418,0.67,1.57,0.73,0.89,0.44,89.75
3420,0.57,1.36,0.73,0.85,0.47,156.0
3421,0.0,1.0,0.75,0.78,0.58,35.0
3423,0.0,1.0,0.58,0.72,0.14,58.0
3425,0.0,1.0,0.74,0.77,0.57,150.0
3426,0.0,1.0,0.57,0.68,0.2,5.0
3427,0.81,1.77,0.69,0.87,0.27,101.0
3429,0.0,1.0,0.81,0.84,0.75,60.0
3430,0.45,1.24,0.71,0.79,0.4,51.5
3432,0.0,1.0,0.61,0.66,0.23,25.0
3433,0.5,1.29,0.7,0.79,0.36,81.5
3434,0.62,1.59,0.68,0.83,0.28,96.75
3435,0.35,1.11,0.82,0.86,0.46,143.43
3438,0.75,1.9,0.6,0.8,0.25,137.11
3441,0.78,1.78,0.58,0.77,0.2,144.0
3442,0.0,1.0,0.55,0.76,0.2,2.0
3446,0.84,2.35,0.63,0.93,0.21,38.18
3447,0.74,1.66,0.58,0.75,0.18,248.62
3448,0.0,1.0,0.34,0.44,0.13,4.0
3449,0.59,1.57,0.57,0.72,0.26,131.0
3453,0.54,1.32,0.74,0.84,0.36,78.11
3454,0.0,1.0,0.5,0.66,0.17,11.0
3455,0.7,1.55,0.65,0.78,0.24,73.79
3457,0.0,1.0,0.65,0.83,0.11,85.0
3459,0.0,1.0,0.41,0.58,0.31,12.0
3460,0.53,1.23,0.77,0.83,0.45,83.67
3461,0.0,1.0,0.44,0.57,0.12,14.0
3465,0.8,1.88,0.57,0.76,0.19,49.6
3467,0.69,1.76,0.57,0.75,0.22,181.21
3471,0.0,1.0,0.67,0.67,0.33,1.0
3472,0.73,1.89,0.63,0.84,0.26,48.08
3473,0.0,1.0,0.63,0.68,0.12,3.0
3474,0.0,1.0,0.94,0.94,0.3,2.0
3475,0.62,1.63,0.67,0.84,0.36,131.25
3476,0.65,1.45,0.57,0.7,0.18,132.0
3477,0.76,1.92,0.59,0.77,0.2,91.38
3478,0.71,1.57,0.61,0.74,0.24,96.14
3479,0.49,1.49,0.65,0.8,0.33,187.5
3481,0.72,1.68,0.63,0.77,0.27,277.33
3483,0.6,1.32,0.64,0.75,0.3,103.8
3484,0.8,1.75,0.6,0.77,0.19,136.33
3486,0.78,2.19,0.52,0.76,0.2,17.96
3487,0.02,1.01,0.77,0.79,0.62,164.33
3488,0.78,2.02,0.63,0.85,0.24,90.82
3490,0.01,1.0,0.74,0.78,0.58,167.5
3491,0.0,1.0,1.0,1.0,1.0,1.0
3494,0.63,1.65,0.65,0.81,0.27,135.77
3496,0.0,1.0,0.67,0.7,0.5,183.0
3497,0.44,1.21,0.53,0.65,0.15,25.27
3498,0.51,1.11,0.7,0.77,0.2,69.75
3499,0.0,1.0,0.58,0.69,0.18,4.0
3500,0.0,1.0,1.0,1.0,1.0,1.0
3503,0.02,1.01,0.69,0.73,0.47,225.33
3506,0.63,1.51,0.65,0.79,0.29,126.18
3507,0.0,1.0,0.73,0.78,0.6,46.0
3510,0.59,1.38,0.78,0.89,0.4,90.92
3511,0.0,1.0,0.55,0.56,0.21,10.0
3512,0.32,1.07,0.68,0.73,0.35,116.67
3513,0.89,2.59,0.61,0.91,0.16,21.95
3516,0.42,1.25,0.64,0.72,0.32,139.0
3518,0.56,1.35,0.76,0.87,0.41,69.56
3519,0.7,1.68,0.65,0.83,0.33,124.38
3521,0.72,1.81,0.69,0.87,0.28,70.2
3522,0.7,1.72,0.69,0.84,0.35,173.5
3524,0.02,1.01,0.76,0.81,0.62,66.0
3526,0.49,1.52,0.75,0.88,0.28,32.04
3527,0.0,1.0,0.6,0.72,0.21,3.0
3528,0.37,1.18,0.72,0.81,0.45,133.33
3530,0.01,1.0,0.68,0.73,0.45,197.5
3531,0.04,1.02,0.8,0.82,0.71,90.0
3532,0.21,1.12,0.62,0.7,0.26,182.75
3533,0.01,1.0,0.77,0.8,0.61,127.0
3534,0.73,1.77,0.65,0.86,0.25,25.86
3535,0.0,1.0,1.0,1.0,1.0,1.0
3537,0.0,1.0,0.62,0.81,0.12,3.0
3538,0.75,1.81,0.69,0.87,0.27,67.56
3540,0.62,1.55,0.63,0.76,0.25,71.69
3541,0.0,1.0,0.55,0.63,0.33,8.0
3542,0.0,1.0,0.62,0.77,0.16,7.0
3544,0.74,1.99,0.67,0.86,0.28,41.5
3546,0.0,1.0,1.0,1.0,1.0,1.0
3547,0.0,1.0,0.8,0.83,0.67,205.0
3548,0.79,1.55,0.72,0.87,0.33,43.33
3549,0.0,1.0,0.6,0.74,0.04,4.0
3552,0.0,1.0,0.89,0.89,0.11,1.0
3553,0.54,1.41,0.61,0.76,0.35,76.12
3554,0.78,1.98,0.62,0.83,0.24,165.22
3555,0.71,1.55,0.65,0.81,0.4,227.5
3557,0.68,1.61,0.65,0.8,0.29,52.2
3558,0.39,1.25,0.63,0.73,0.37,88.75
3559,0.59,1.41,0.55,0.68,0.19,51.6
3560,0.75,1.58,0.64,0.78,0.21,84.67
3561,0.84,2.19,0.61,0.82,0.19,79.16
3564,0.52,1.4,0.7,0.81,0.39,294.0
3566,0.0,1.0,0.31,0.45,0.11,2.0
3567,0.55,1.4,0.79,0.89,0.34,82.92
3568,0.0,1.0,0.64,0.72,0.19,23.0
3570,0.0,1.0,1.0,1.0,1.0,1.0
3572,0.76,1.62,0.72,0.88,0.31,73.12
3576,0.64,1.5,0.68,0.81,0.32,103.67
3578,0.19,1.07,0.61,0.71,0.18,88.9
3579,0.37,1.31,0.75,0.85,0.37,84.17
3581,0.53,1.43,0.73,0.85,0.43,50.8
3582,0.0,1.0,0.6,0.7,0.22,2.0
3584,0.73,1.96,0.62,0.85,0.22,46.68
3585,0.33,1.15,0.76,0.82,0.39,49.0
3586,0.08,1.01,0.59,0.67,0.32,82.0
3589,0.68,1.49,0.73,0.87,0.45,67.0
3590,0.4,1.18,0.68,0.77,0.34,135.62
3591,0.35,1.2,0.76,0.83,0.49,131.0
3592,0.71,1.4,0.7,0.84,0.47,78.75
3594,0.0,1.0,0.64,0.74,0.15,57.0
3595,0.51,1.25,0.55,0.68,0.22,287.5
3598,0.78,1.81,0.67,0.87,0.3,107.4
3599,1.0,2.0,0.89,1.0,0.5,1.0
3600,0.0,1.0,0.88,0.89,0.83,194.0
3601,0.67,1.87,0.64,0.82,0.29,73.53
3602,0.19,1.03,0.65,0.72,0.29,94.33
3605,0.0,1.0,0.88,0.89,0.59,47.0
3606,0.06,1.03,0.57,0.69,0.18,175.0
3607,0.0,1.0,0.71,0.76,0.21,9.0
3608,0.35,1.12,0.71,0.76,0.37,112.25
3611,0.0,1.0,0.4,0.4,0.4,1.0
3612,0.58,1.61,0.57,0.74,0.21,114.29
3617,0.47,1.37,0.57,0.67,0.26,357.12
3618,0.0,1.0,0.76,0.8,0.24,11.0
3619,0.38,1.27,0.71,0.78,0.43,154.0
3620,0.88,1.87,0.67,0.85,0.19,37.67
3623,0.0,1.0,0.48,0.65,0.29,5.0
3624,0.0,1.0,0.83,0.86,0.82,94.0
3625,0.7,1.81,0.69,0.87,0.29,65.0
3626,0.71,1.65,0.7,0.86,0.34,91.62
3628,0.42,1.13,0.59,0.73,0.24,42.75
3629,0.59,1.28,0.62,0.73,0.26,182.67
3630,0.8,1.95,0.63,0.84,0.29,85.78
3631,0.69,1.65,0.63,0.8,0.28,81.0
3632,0.35,1.21,0.67,0.76,0.36,60.3
3633,0.22,1.09,0.74,0.78,0.47,31.0
3634,0.0,1.0,0.45,0.61,0.12,79.0
3635,0.74,1.58,0.63,0.77,0.26,100.88
3636,0.0,1.0,0.52,0.58,0.32,23.0
3639,0.0,1.0,0.8,0.82,0.72,72.0
3640,0.89,2.27,0.57,0.83,0.24,248.5
3641,0.0,1.0,0.5,0.73,0.2,5.0
3642,0.53,1.07,0.72,0.77,0.32,89.5
3644,0.65,1.59,0.65,0.8,0.3,97.25
3646,0.0,1.0,0.59,0.79,0.07,4.0
3647,0.0,1.0,0.83,0.84,0.73,158.0
3648,0.0,1.0,0.62,0.68,0.39,214.0
3650,0.75,2.01,0.61,0.82,0.26,130.0
3653,0.77,1.92,0.62,0.81,0.27,133.17
3654,0.0,1.0,0.75,0.75,0.25,1.0
3657,0.5,1.37,0.71,0.82,0.37,98.75
3658,0.58,1.22,0.86,0.9,0.43,52.29
3659,0.48,1.33,0.64,0.74,0.29,186.6
3660,0.76,1.66,0.6,0.76,0.24,143.29
3662,0.0,1.0,0.63,0.73,0.25,2.0
3663,0.81,2.23,0.56,0.8,0.24,152.57
3664,0.83,1.92,0.59,0.79,0.19,89.22
3665,0.0,1.0,0.74,0.79,0.12,8.0
3667,0.63,1.71,0.64,0.81,0.25,128.5
3668,0.46,1.37,0.66,0.76,0.26,113.6
3669,0.0,1.0,0.5,0.5,0.5,1.0
3671,0.75,1.5,0.82,0.82,0.06,1.5
3672,0.51,1.41,0.68,0.79,0.32,90.1
3673,0.25,1.16,0.6,0.7,0.25,135.67
3674,0.61,1.23,0.87,0.91,0.47,57.0
3675,0.72,2.02,0.54,0.71,0.15,27.7
3676,0.0,1.0,0.56,0.66,0.17,73.0
3677,0.25,1.16,0.57,0.68,0.27,70.33
3678,0.72,1.59,0.72,0.89,0.34,70.67
3680,0.74,1.88,0.65,0.85,0.27,48.82
3681,0.78,1.96,0.68,0.88,0.32,116.85
3682,0.33,1.22,0.55,0.65,0.19,26.33
3683,0.0,1.0,0.17,0.52,0.04,1.0
3685,0.77,1.77,0.59,0.78,0.22,70.18
3689,0.55,1.45,0.61,0.73,0.22,324.4
3690,0.65,1.56,0.72,0.87,0.41,144.67
3691,0.0,1.0,0.6,0.68,0.07,13.0
3692,0.0,1.0,0.6,0.73,0.14,156.0
3694,0.0,1.0,0.88,0.88,0.91,18.0
3695,0.0,1.0,0.88,0.91,0.77,42.0
3696,0.75,1.41,0.64,0.78,0.31,73.0
3699,0.0,1.0,0.51,0.63,0.19,10.0
3700,0.77,1.82,0.67,0.82,0.28,131.73
3701,0.0,1.0,0.68,0.77,0.07,5.0
3703,0.55,1.44,0.58,0.71,0.2,136.83
3705,0.76,1.99,0.65,0.89,0.3,98.55
3706,0.0,1.0,0.62,0.79,0.12,9.0
3707,0.77,1.91,0.6,0.79,0.22,150.82
3709,0.64,1.51,0.58,0.72,0.14,72.5
3712,0.0,1.0,0.69,0.71,0.43,89.0
3713,0.78,2.06,0.62,0.88,0.19,34.39
3714,0.0,1.0,0.48,0.53,0.14,4.0
3717,0.48,1.33,0.77,0.85,0.5,74.0
3718,0.24,1.11,0.81,0.86,0.61,97.0
3721,0.0,1.0,0.47,0.63,0.14,43.0
3722,0.0,1.0,0.62,0.75,0.1,9.0
3724,0.45,1.3,0.68,0.77,0.25,86.8
3727,0.67,1.58,0.6,0.76,0.23,186.0
3729,0.61,1.47,0.8,0.92,0.45,100.4
3730,0.0,1.0,0.94,0.94,0.06,1.0
3732,0.68,1.52,0.63,0.76,0.28,54.8
3733,0.6,1.54,0.72,0.86,0.35,163.88
3734,0.0,1.0,0.61,0.69,0.05,2.0
3736,0.49,1.37,0.83,0.9,0.48,134.25
3737,0.32,1.18,0.66,0.74,0.41,101.67
3738,0.62,1.45,0.73,0.86,0.39,109.6
3739,0.4,1.27,0.71,0.79,0.42,192.0
3743,0.0,1.0,0.73,0.77,0.68,26.0
3744,0.81,2.16,0.66,0.88,0.26,120.54
3747,0.0,1.0,0.65,0.73,0.37,207.0
3749,0.81,2.06,0.6,0.82,0.21,71.07
3750,0.0,1.0,0.56,0.74,0.19,4.0
3752,0.0,1.0,0.53,0.67,0.18,26.0
3753,0.0,1.0,0.59,0.67,0.26,391.0
3754,0.0,1.0,0.59,0.71,0.18,8.0
3756,0.88,2.26,0.66,0.92,0.22,71.83
3757,0.0,1.0,0.66,0.78,0.09,16.0
3761,0.55,1.12,0.82,0.85,0.45,32.75
3762,0.7,1.89,0.71,0.88,0.35,71.68
3763,0.0,1.0,0.68,0.82,0.12,2.0
3764,0.71,1.4,0.72,0.86,0.42,57.67
3765,0.54,1.3,0.69,0.79,0.41,79.5
3766,0.8,1.45,0.77,0.89,0.35,41.0
3767,0.75,1.9,0.59,0.81,0.24,221.12
3770,0.02,1.01,0.8,0.84,0.61,169.75
3773,0.0,1.0,1.0,1.0,1.0,1.0
3774,0.53,1.5,0.66,0.77,0.28,99.33
3775,0.0,1.0,0.19,0.75,0.06,1.0
3777,0.57,1.27,0.64,0.74,0.29,248.0
3778,0.0,1.0,0.75,0.78,0.57,53.0
3779,0.0,1.0,0.62,0.62,0.12,1.0
3780,0.83,2.0,0.62,0.86,0.24,70.88
3781,0.66,1.59,0.75,0.9,0.46,193.0
3784,0.7,1.81,0.59,0.78,0.24,221.77
3785,0.0,1.0,0.68,0.7,0.66,20.0
3786,0.54,1.42,0.73,0.88,0.46,84.67
3787,0.76,1.36,0.65,0.75,0.19,110.4
3790,0.0,1.0,0.82,0.84,0.75,250.0
3791,0.0,1.0,0.38,0.43,0.1,3.0
3794,0.54,1.5,0.65,0.76,0.18,96.18
3797,0.53,1.41,0.75,0.85,0.47,132.67
3798,0.66,1.6,0.7,0.83,0.28,46.55
3800,0.71,1.82,0.63,0.87,0.29,117.8
3801,0.0,1.0,0.7,0.73,0.46,195.0
3803,0.0,1.0,0.63,0.78,0.1,56.0
3804,0.02,1.01,0.57,0.69,0.15,160.5
3807,0.6,1.38,0.77,0.86,0.29,46.0
3808,0.0,1.0,0.58,0.78,0.1,6.0
3812,0.75,1.82,0.66,0.85,0.31,74.0
3813,0.2,1.12,0.75,0.81,0.44,67.67
3814,0.65,1.5,0.66,0.8,0.28,160.5
3817,0.0,1.0,0.4,0.6,0.21,9.0
3821,0.03,1.01,0.72,0.77,0.51,50.67
3823,0.1,1.02,0.57,0.65,0.15,77.25
3824,0.0,1.0,0.69,0.69,0.67,2.0
3825,0.0,1.0,0.49,0.68,0.15,3.0
3826,0.79,2.04,0.6,0.81,0.23,81.78
3830,0.68,1.48,0.63,0.76,0.23,74.67
3831,0.0,1.0,0.75,0.78,0.67,162.0
3832,0.0,1.0,0.2,0.6,0.2,1.0
3835,0.86,2.81,0.58,0.91,0.13,40.13
3836,0.65,1.5,0.66,0.79,0.27,117.29
3837,0.57,1.2,0.8,0.85,0.38,40.75
3838,0.71,1.64,0.72,0.88,0.34,71.36
3839,0.0,1.0,0.52,0.78,0.11,9.0
3841,0.0,1.0,0.62,0.68,0.27,268.0
3843,0.04,1.01,0.68,0.73,0.36,47.5
3844,0.0,1.0,0.57,0.64,0.08,3.0
3847,0.0,1.0,1.0,1.0,1.0,1.0
3848,0.55,1.44,0.76,0.86,0.41,83.0
3852,0.04,1.01,0.78,0.81,0.42,75.5
3853,0.64,1.61,0.67,0.83,0.37,83.67
3855,0.0,1.0,0.59,0.71,0.24,23.0
3857,0.0,1.0,0.76,0.78,0.6,133.0
3858,0.15,1.04,0.6,0.67,0.41,25.67
3861,0.0,1.0,0.55,0.68,0.21,543.0
3864,0.0,1.0,0.56,0.67,0.11,1.0
3865,0.02,1.01,0.67,0.69,0.42,240.0
3866,0.0,1.0,0.51,0.7,0.14,23.0
3868,0.64,1.61,0.68,0.82,0.28,54.67
3869,0.69,1.67,0.67,0.83,0.3,101.86
3872,0.21,1.1,0.64,0.7,0.42,135.75
3876,0.58,1.66,0.67,0.84,0.27,62.0
3877,0.66,1.98,0.65,0.85,0.26,108.1
3879,0.61,1.73,0.65,0.83,0.26,105.33
3880,0.58,1.61,0.67,0.83,0.33,89.6
3881,0.79,2.01,0.56,0.78,0.23,98.91
3882,0.0,1.0,0.64,0.67,0.29,4.0
3884,0.77,1.54,0.76,0.89,0.36,71.11
3887,0.0,1.0,0.64,0.64,0.1,2.0
3888,0.62,1.41,0.79,0.9,0.4,107.76
3890,0.74,1.58,0.75,0.86,0.3,29.25
3891,0.12,1.06,0.66,0.69,0.38,293.25
3893,0.5,1.37,0.69,0.78,0.37,143.86
3895,0.0,1.0,0.73,0.9,0.06,2.0
3898,0.58,1.73,0.68,0.86,0.35,104.43
3901,0.48,1.31,0.76,0.85,0.35,53.5
3906,0.0,1.0,0.76,0.86,0.11,2.0
3907,0.6,1.26,0.79,0.88,0.46,54.0
3908,0.69,1.7,0.64,0.8,0.24,44.23
3909,0.8,1.98,0.63,0.83,0.27,113.83
3911,0.73,1.58,0.66,0.8,0.24,171.83
3913,0.66,1.8,0.62,0.79,0.2,133.71
3917,0.68,1.64,0.65,0.8,0.25,103.2
3918,0.62,1.45,0.71,0.83,0.29,52.71
3919,0.52,1.4,0.55,0.7,0.16,43.8
3921,0.74,1.9,0.56,0.77,0.19,173.5
3923,0.85,2.37,0.62,0.86,0.19,52.61
3924,0.61,1.39,0.76,0.89,0.35,81.33
3927,0.0,1.0,0.93,0.94,0.87,205.0
3931,0.0,1.0,0.27,0.37,0.25,2.0
3934,0.3,1.22,0.71,0.79,0.51,126.75
3935,0.78,1.99,0.57,0.81,0.23,147.1
3936,0.0,1.0,0.5,0.65,0.23,4.0
3937,0.77,1.95,0.6,0.82,0.26,119.67
3938,0.75,2.03,0.5,0.7,0.16,61.44
3941,0.68,1.98,0.67,0.9,0.23,84.1
3942,0.0,1.0,0.56,0.59,0.47,8.0
3943,0.54,1.29,0.68,0.77,0.3,117.0
3946,0.07,1.02,0.58,0.69,0.19,32.0
3947,0.77,2.1,0.63,0.85,0.24,60.27
3948,0.43,1.32,0.66,0.77,0.39,264.8
3949,0.19,1.05,0.83,0.87,0.43,11.5
3950,0.0,1.0,0.71,0.92,0.15,2.0
3952,0.7,1.53,0.72,0.87,0.25,66.3
3953,0.0,1.0,0.36,0.58,0.21,2.0
3954,0.74,2.03,0.61,0.82,0.2,105.92
3955,0.0,1.0,0.51,0.59,0.19,12.0
3956,0.42,1.28,0.55,0.7,0.2,10.67
3957,0.0,1.0,0.79,0.82,0.61,58.0
3958,0.62,1.7,0.61,0.76,0.22,128.88
3959,0.48,1.15,0.73,0.78,0.35,15.0
3960,0.0,1.0,0.53,0.72,0.14,3.0
3961,0.0,1.0,0.39,0.68,0.12,3.0
3962,0.0,1.0,0.92,0.92,0.08,1.0
3963,0.0,1.0,0.53,0.65,0.16,18.0
3964,0.6,1.61,0.7,0.83,0.36,63.14
3967,0.4,1.3,0.65,0.73,0.32,157.4
3969,0.84,1.95,0.66,0.89,0.25,79.71
3971,0.34,1.23,0.68,0.79,0.31,152.0
3974,0.0,1.0,0.63,0.63,0.16,2.0
3977,0.69,1.67,0.59,0.76,0.27,42.36
3978,0.0,1.0,0.72,0.85,0.13,11.0
3979,0.0,1.0,0.82,0.84,0.73,69.0
3981,0.62,1.38,0.65,0.78,0.27,142.57
3982,0.1,1.04,0.54,0.66,0.2,61.0
3983,0.32,1.12,0.6,0.71,0.22,93.64
3984,0.0,1.0,0.84,0.86,0.74,99.0
3985,0.56,1.45,0.76,0.86,0.39,47.25
3986,0.6,1.4,0.81,0.88,0.39,82.82
3989,0.0,1.0,0.43,0.7,0.15,2.0
3990,0.81,2.05,0.58,0.83,0.25,53.17
3991,0.0,1.0,0.51,0.54,0.07,3.0
3992,0.0,1.0,0.81,0.83,0.65,106.0
3994,0.21,1.1,0.81,0.85,0.65,77.0
3995,0.0,1.0,0.66,0.72,0.2,14.0
3996,0.0,1.0,0.75,0.77,0.12,5.0
3998,0.79,2.03,0.67,0.9,0.27,70.14
3999,0.0,1.0,0.33,0.33,0.33,1.0
4000,0.55,1.42,0.64,0.74,0.22,140.57
4001,0.0,1.0,0.87,0.87,0.1,2.0
4004,0.0,1.0,0.38,0.51,0.21,3.0
4006,0.64,1.47,0.56,0.66,0.16,23.5
4007,0.4,1.19,0.72,0.8,0.4,162.17
4010,0.0,1.0,0.71,0.71,0.14,1.0
4012,0.48,1.11,0.68,0.76,0.36,121.8
4013,0.0,1.0,0.84,0.85,0.75,281.0
4014,0.66,1.31,0.53,0.66,0.25,19.0
4016,0.0,1.0,0.72,0.76,0.58,28.0
4017,0.64,1.77,0.69,0.84,0.32,72.27
4018,0.0,1.0,0.65,0.65,0.29,2.0
4020,0.3,1.27,0.75,0.84,0.5,64.0
4022,0.0,1.0,0.78,0.81,0.53,413.0
4023,0.48,1.08,0.79,0.84,0.41,57.0
4026,0.67,1.61,0.77,0.92,0.41,106.0
4028,0.54,1.52,0.56,0.7,0.22,129.0
4030,0.45,1.31,0.82,0.9,0.56,114.83
4031,0.0,1.0,0.5,0.58,0.22,4.0
4035,0.0,1.0,1.0,1.0,1.0,1.0
4036,0.0,1.0,0.58,0.71,0.12,7.0
4037,0.01,1.01,0.79,0.81,0.6,89.0
4038,0.0,1.0,0.28,0.53,0.18,2.0
4040,0.0,1.0,0.7,0.8,0.25,4.0
4041,0.75,1.64,0.77,0.93,0.33,79.7
4042,0.0,1.0,0.72,0.76,0.54,28.0
4043,0.64,1.61,0.75,0.88,0.33,98.6
4046,0.0,1.0,1.0,1.0,1.0,1.0
4047,0.0,1.0,1.0,1.0,1.0,1.0
4048,0.73,1.9,0.64,0.85,0.27,122.0
4049,0.0,1.0,0.74,0.75,0.18,6.0
4052,0.0,1.0,0.54,0.64,0.17,4.0
4053,0.0,1.0,0.9,0.9,0.1,1.0
4054,0.0,1.0,1.0,1.0,1.0,1.0
4055,0.79,2.09,0.66,0.88,0.22,87.29
4059,0.43,1.29,0.72,0.8,0.35,66.0
4060,0.57,1.38,0.8,0.9,0.48,66.89
4062,0.0,1.0,0.2,0.6,0.2,1.0
4064,0.03,1.01,0.7,0.73,0.29,204.0
4065,0.61,1.52,0.7,0.85,0.32,139.0
4067,0.76,1.67,0.73,0.9,0.35,80.0
4068,0.0,1.0,0.41,0.58,0.17,23.0
4070,0.0,1.0,0.58,0.72,0.12,65.0
4071,0.84,2.42,0.6,0.85,0.18,103.47
4072,0.48,1.3,0.61,0.73,0.23,85.12
4073,0.82,1.8,0.61,0.81,0.26,79.0
4075,0.0,1.0,0.75,0.75,0.45,4.0
4076,0.0,1.0,0.8,0.8,0.2,1.0
4077,0.29,1.16,0.65,0.7,0.29,169.4
4080,0.0,1.0,0.74,0.77,0.57,138.0
4082,0.7,1.73,0.67,0.85,0.31,128.67
4083,0.0,1.0,0.31,0.46,0.12,2.0
4084,0.59,1.5,0.67,0.81,0.33,57.33
4085,0.21,1.12,0.57,0.63,0.21,262.5
4088,0.0,1.0,0.68,0.8,0.13,7.0
4089,0.74,2.07,0.55,0.76,0.2,222.61
4090,0.0,1.0,0.87,0.88,0.8,87.0
4091,0.36,1.11,0.78,0.84,0.59,137.6
4092,0.0,1.0,0.92,0.92,0.11,2.0
4094,0.81,1.98,0.62,0.82,0.19,98.0
4096,0.0,1.0,0.61,0.75,0.19,5.0
4097,0.65,1.64,0.76,0.93,0.34,125.67
4098,0.56,1.25,0.83,0.89,0.39,63.58
4100,0.0,1.0,0.31,0.61,0.19,3.0
4102,0.76,1.94,0.69,0.89,0.24,71.57
4103,0.46,1.27,0.76,0.84,0.38,102.7
4105,0.8,2.02,0.69,0.9,0.33,145.71
4106,0.0,1.0,0.55,0.64,0.24,395.0
4107,0.0,1.0,0.77,0.81,0.63,258.0
4109,0.0,1.0,0.54,0.68,0.21,23.0
4110,0.86,2.16,0.65,0.86,0.19,97.38
4111,0.56,1.27,0.64,0.74,0.27,50.5
4113,0.72,1.89,0.63,0.84,0.25,78.08
4114,0.5,1.01,0.81,0.83,0.29,92.67
4115,0.0,1.0,1.0,1.0,1.0,1.0
4116,0.78,1.84,0.65,0.84,0.28,86.25
4117,0.74,1.79,0.69,0.87,0.34,139.5
4119,0.16,1.05,0.79,0.82,0.57,91.0
4121,0.0,1.0,0.74,0.74,0.15,3.0
4122,0.72,1.46,0.74,0.86,0.45,140.33
4123,0.35,1.2,0.72,0.79,0.37,100.5
4124,0.68,1.83,0.67,0.85,0.29,60.88
4126,0.0,1.0,0.72,0.89,0.06,1.0
4127,0.78,1.8,0.62,0.78,0.22,198.33
4128,0.0,1.0,0.49,0.56,0.35,5.0
4130,0.05,1.02,0.74,0.77,0.48,253.5
4132,0.86,2.27,0.58,0.84,0.21,62.27
4134,0.7,1.68,0.65,0.83,0.34,292.75
4135,0.0,1.0,0.58,0.69,0.18,147.0
4139,0.0,1.0,0.47,0.62,0.17,10.0
4140,0.0,1.0,0.42,0.77,0.18,2.0
4141,0.07,1.04,0.63,0.75,0.16,58.0
4143,0.0,1.0,0.59,0.64,0.26,4.0
4144,0.81,2.14,0.61,0.84,0.24,35.74
4145,0.71,1.7,0.69,0.86,0.27,117.92
4147,0.67,1.44,0.57,0.7,0.25,42.6
4148,0.63,1.36,0.73,0.84,0.31,110.22
4150,0.38,1.15,0.75,0.8,0.44,91.42
4152,0.06,1.02,0.61,0.7,0.25,29.0
4153,0.35,1.26,0.63,0.73,0.32,86.0
4154,0.0,1.0,1.0,1.0,1.0,1.0
4157,0.0,1.0,0.33,0.33,0.33,1.0
4158,0.0,1.0,0.78,0.8,0.6,46.0
4159,0.0,1.0,0.64,0.73,0.21,39.0
4161,0.74,1.71,0.65,0.83,0.32,171.0
4162,0.36,1.24,0.67,0.74,0.3,297.0
4165,0.65,1.5,0.69,0.81,0.3,114.18
4168,0.63,1.33,0.61,0.73,0.31,98.25
4169,0.0,1.0,0.5,0.5,0.5,1.0
4170,0.0,1.0,0.78,0.8,0.61,224.0
4171,0.5,1.59,0.71,0.85,0.34,78.0
4174,0.68,1.63,0.69,0.84,0.33,115.95
4176,0.17,1.09,0.52,0.61,0.23,471.5
4177,0.65,1.48,0.62,0.74,0.22,78.75
4179,0.7,1.81,0.59,0.76,0.26,87.44
4181,0.65,1.44,0.72,0.84,0.34,147.78
4182,0.73,1.67,0.61,0.77,0.32,189.0
4183,0.28,1.19,0.73,0.81,0.5,185.33
4187,0.67,1.58,0.57,0.72,0.19,102.3
4188,0.58,1.4,0.86,0.96,0.5,122.83
4190,0.82,2.1,0.72,0.96,0.25,93.95
4193,0.0,1.0,0.63,0.63,0.17,2.0
4194,0.0,1.0,0.5,0.5,0.5,1.0
4195,0.0,1.0,0.64,0.67,0.14,3.0
4198,0.49,1.31,0.51,0.65,0.15,57.67
4199,0.69,1.8,0.63,0.79,0.2,117.23
4202,0.0,1.0,0.46,0.68,0.22,2.0
4204,0.0,1.0,0.77,0.78,0.68,69.0
4205,0.69,1.79,0.65,0.83,0.25,113.91
4207,0.69,1.59,0.76,0.91,0.37,98.67
4208,0.54,1.39,0.62,0.75,0.29,215.75
4209,0.0,1.0,0.64,0.69,0.18,2.0
4212,0.69,1.67,0.69,0.85,0.32,125.6
4213,0.76,1.83,0.56,0.76,0.2,75.29
4214,0.62,1.46,0.75,0.86,0.37,90.14
4215,0.56,1.29,0.83,0.91,0.46,84.09
4217,0.0,1.0,0.69,0.72,0.57,58.0
4218,0.53,1.4,0.64,0.76,0.31,118.36
4220,0.77,1.8,0.59,0.74,0.15,105.33
4223,0.53,1.44,0.63,0.77,0.3,73.73
4224,0.55,1.39,0.57,0.7,0.2,69.67
4225,0.75,1.89,0.66,0.86,0.28,165.75
4228,0.0,1.0,0.66,0.69,0.16,4.0
4229,0.0,1.0,0.46,0.56,0.19,3.0
4231,0.02,1.01,0.57,0.68,0.16,54.5
4235,0.82,2.24,0.61,0.87,0.24,76.0
4237,0.78,1.68,0.64,0.8,0.27,117.0
4238,0.77,1.96,0.59,0.78,0.2,124.68
4242,0.78,1.85,0.68,0.89,0.33,136.0
4246,0.24,1.02,0.77,0.8,0.41,93.75
4247,0.68,1.91,0.67,0.87,0.25,90.67
4248,0.61,1.6,0.68,0.83,0.34,90.79
4251,0.62,1.38,0.62,0.74,0.21,30.0
4252,0.33,1.08,0.79,0.83,0.37,105.5
4253,0.38,1.14,0.8,0.85,0.56,120.0
4254,0.16,1.08,0.59,0.69,0.29,294.5
4255,0.38,1.09,0.69,0.75,0.27,105.6
4256,0.35,1.18,0.73,0.79,0.44,187.0
4258,0.75,1.95,0.62,0.78,0.18,102.33
4259,0.0,1.0,0.62,0.71,0.36,233.0
4261,0.72,1.66,0.64,0.79,0.26,170.0
4264,0.7,1.74,0.69,0.85,0.25,79.78
4266,0.67,1.44,0.8,0.91,0.33,67.1
4267,0.0,1.0,0.76,0.76,0.44,3.0
4268,0.16,1.08,0.71,0.77,0.33,140.25
4269,0.0,1.0,0.49,0.68,0.18,5.0
4270,0.73,1.72,0.61,0.78,0.31,177.67
4271,0.56,1.46,0.64,0.76,0.33,159.57
4272,0.67,1.02,0.84,0.85,0.34,41.0
4275,0.59,1.69,0.7,0.85,0.37,53.75
4276,0.5,1.0,0.72,0.78,0.42,104.5
4277,0.72,1.42,0.67,0.82,0.25,84.29
4278,0.0,1.0,0.69,0.72,0.13,4.0
4280,0.55,1.25,0.73,0.81,0.41,112.67
4281,0.77,1.81,0.62,0.81,0.29,163.4
4282,0.74,1.82,0.63,0.82,0.25,104.38
4283,0.54,1.4,0.55,0.65,0.13,130.93
4285,0.45,1.29,0.72,0.82,0.49,153.5
4287,0.85,2.19,0.66,0.89,0.25,98.12
4290,0.79,1.87,0.7,0.88,0.28,100.55
4291,0.56,1.51,0.66,0.82,0.35,68.43
4294,0.24,1.1,0.54,0.64,0.25,63.5
4296,0.0,1.0,0.83,0.85,0.6,186.0
4299,0.36,1.11,0.78,0.82,0.58,66.67
4300,0.75,1.81,0.64,0.82,0.29,201.57
4303,0.0,1.0,0.54,0.7,0.1,7.0
4305,0.0,1.0,0.71,0.78,0.47,80.0
4306,0.71,1.61,0.7,0.87,0.3,75.18
4310,0.59,1.53,0.7,0.85,0.38,78.7
4311,0.27,1.14,0.54,0.83,0.15,4.0
4312,0.64,1.57,0.73,0.87,0.38,95.75
4317,0.67,1.62,0.69,0.85,0.22,66.62
4318,0.0,1.0,0.5,0.5,0.25,1.0
4320,0.75,1.86,0.7,0.9,0.31,72.8
4322,0.04,1.02,0.64,0.69,0.13,73.0
4323,0.59,1.49,0.6,0.74,0.28,210.0
4324,0.72,1.34,0.69,0.8,0.27,77.57
4327,0.0,1.0,0.33,0.67,0.33,1.0
4328,0.0,1.0,0.67,0.67,0.5,2.0
4329,0.0,1.0,0.54,0.66,0.31,11.0
4330,0.39,1.27,0.61,0.72,0.31,62.75
4332,0.67,1.57,0.58,0.73,0.16,114.45
4334,0.62,1.19,0.74,0.8,0.36,52.4
4335,0.51,1.3,0.68,0.75,0.25,40.47
4337,0.0,1.0,0.53,0.7,0.13,2.0
4342,0.19,1.09,0.56,0.74,0.19,162.25
4344,0.0,1.0,1.0,1.0,1.0,5.0
4347,0.75,1.61,0.64,0.77,0.19,76.5
4348,0.84,1.99,0.69,0.92,0.34,74.67
4351,0.44,1.22,0.67,0.74,0.24,74.67
4352,0.0,1.0,0.72,0.77,0.63,51.0
4353,0.13,1.03,0.84,0.87,0.64,124.5
4355,0.2,1.11,0.59,0.77,0.12,5.0
4356,0.43,1.25,0.64,0.74,0.36,195.0
4357,0.0,1.0,0.71,0.71,0.14,1.0
4359,0.0,1.0,0.73,0.77,0.64,50.0
4361,0.0,1.0,0.32,0.65,0.14,2.0
4363,0.66,1.57,0.68,0.83,0.37,102.4
4364,0.66,1.33,0.75,0.85,0.36,51.71
4365,0.0,1.0,0.51,0.61,0.1,8.0
4366,0.68,1.65,0.62,0.76,0.24,88.67
4367,0.0,1.0,0.58,0.63,0.28,52.0
4370,0.77,1.74,0.72,0.86,0.3,36.2
4373,0.61,1.58,0.66,0.8,0.32,158.71
4374,0.0,1.0,0.52,0.58,0.32,43.0
4375,0.0,1.0,0.3,0.4,0.1,1.0
4377,0.63,1.53,0.73,0.85,0.33,95.86
4378,0.61,1.37,0.66,0.78,0.37,50.0
4380,0.78,2.0,0.64,0.87,0.26,143.0
4381,0.0,1.0,0.52,0.7,0.14,3.0
4382,0.68,1.63,0.61,0.77,0.24,120.11
4383,0.0,1.0,1.0,1.0,1.0,1.0
4385,0.0,1.0,0.77,0.78,0.72,90.0
4386,0.53,1.05,0.71,0.78,0.36,52.5
4387,0.59,1.42,0.77,0.88,0.45,119.4
4389,0.0,1.0,0.65,0.73,0.41,41.0
4390,0.58,1.36,0.77,0.88,0.45,113.67
4392,0.0,1.0,0.71,0.94,0.06,1.0
4393,0.77,1.95,0.66,0.85,0.3,150.09
4395,0.0,1.0,0.8,0.87,0.8,26.0
4398,0.76,1.66,0.67,0.83,0.26,46.6
4399,0.0,1.0,0.57,0.63,0.15,7.0
4402,0.0,1.0,0.68,0.73,0.42,227.0
4403,0.36,1.22,0.77,0.84,0.54,180.5
4404,0.76,1.85,0.7,0.86,0.31,69.62
4406,0.72,1.97,0.69,0.89,0.25,85.38
4408,0.56,1.43,0.67,0.81,0.31,135.31
4409,0.0,1.0,0.5,0.5,0.5,1.0
4411,0.6,1.5,0.67,0.8,0.22,52.71
4412,0.0,1.0,0.54,0.63,0.15,11.0
4413,0.0,1.0,0.56,0.62,0.21,8.0
4414,0.0,1.0,0.7,0.7,0.15,6.0
4416,0.47,1.31,0.59,0.7,0.32,61.0
4421,0.35,1.21,0.71,0.78,0.42,396.0
4425,0.0,1.0,0.42,0.45,0.17,5.0
4426,0.0,1.0,0.6,0.74,0.1,70.0
4428,0.79,1.97,0.67,0.87,0.29,61.82
4429,0.49,1.36,0.78,0.87,0.52,137.0
4431,0.19,1.06,0.71,0.76,0.41,135.25
4433,0.0,1.0,0.55,0.65,0.19,13.0
4436,0.01,1.0,0.71,0.76,0.56,164.0
4437,0.93,2.42,0.61,0.86,0.17,22.33
4438,0.74,1.81,0.6,0.8,0.24,81.83
4439,0.17,1.01,0.68,0.75,0.33,115.0
4441,0.65,1.65,0.65,0.78,0.3,107.82
4442,0.52,1.04,0.74,0.79,0.33,25.0
4443,0.27,1.14,0.57,0.71,0.08,4.0
4445,0.0,1.0,0.56,0.69,0.25,179.0
4446,0.85,2.34,0.6,0.82,0.18,39.23
4448,0.46,1.4,0.68,0.8,0.4,88.0
4451,0.0,1.0,0.8,0.82,0.65,130.0
4452,0.36,1.15,0.57,0.71,0.16,7.67
4453,0.0,1.0,0.59,0.59,0.11,4.0
4455,0.2,1.11,0.61,0.67,0.3,245.0
4457,0.0,1.0,0.33,0.33,0.33,1.0
4458,0.03,1.01,0.77,0.8,0.74,57.0
4459,0.65,1.66,0.56,0.71,0.16,56.62
4460,0.63,1.63,0.7,0.85,0.37,258.0
4463,0.66,1.85,0.58,0.78,0.24,142.32
4465,0.7,1.46,0.75,0.88,0.32,70.4
4466,0.0,1.0,0.62,0.71,0.32,14.0
4467,0.85,2.25,0.72,0.99,0.2,26.5
4470,0.59,1.45,0.72,0.83,0.4,68.67
4471,0.62,1.55,0.65,0.81,0.3,55.33
4472,0.86,2.57,0.54,0.8,0.17,386.35
4473,0.83,2.32,0.59,0.81,0.24,65.27
4474,0.0,1.0,0.59,0.76,0.1,4.0
4475,0.06,1.01,0.74,0.8,0.33,157.5
4476,0.56,1.37,0.67,0.78,0.33,159.5
4477,0.0,1.0,1.0,1.0,1.0,1.0
4478,0.8,1.78,0.7,0.84,0.21,28.5
4482,0.61,1.45,0.74,0.84,0.33,41.17
4483,0.71,1.53,0.69,0.82,0.27,103.17
4484,0.5,1.33,0.73,0.82,0.43,57.0
4485,0.78,2.14,0.65,0.91,0.29,26.17
4486,0.0,1.0,0.74,0.78,0.63,104.0
4487,0.43,1.22,0.68,0.76,0.45,95.33
4491,0.21,1.11,0.75,0.78,0.49,154.33
4492,0.0,1.0,0.65,0.71,0.22,39.0
4493,0.0,1.0,0.77,0.82,0.48,85.0
4494,0.79,1.84,0.7,0.88,0.28,96.53
4497,0.65,1.65,0.6,0.76,0.19,129.7
4500,0.08,1.04,0.54,0.62,0.3,355.0
4503,0.75,1.88,0.58,0.75,0.2,85.0
4504,0.0,1.0,0.55,0.64,0.28,15.0
4506,0.82,2.07,0.63,0.86,0.25,68.44
4508,0.0,1.0,0.35,0.75,0.18,3.0
4510,0.58,1.4,0.67,0.8,0.38,228.0
4511,0.03,1.0,0.58,0.69,0.18,130.0
4512,0.0,1.0,0.66,0.79,0.06,2.0
4513,0.15,1.05,0.6,0.72,0.16,103.5
4515,0.64,1.44,0.71,0.82,0.36,175.25
4516,0.28,1.15,0.75,0.81,0.53,176.4
4518,0.82,1.89,0.6,0.77,0.29,35.5
4519,0.77,1.85,0.59,0.78,0.19,68.81
4520,0.0,1.0,0.6,0.79,0.12,20.0
4521,0.57,1.43,0.75,0.87,0.43,117.33
4523,0.38,1.2,0.59,0.74,0.14,3.0
4525,0.24,1.11,0.7,0.77,0.35,164.25
4528,0.19,1.09,0.56,0.65,0.23,232.0
4529,0.81,1.85,0.65,0.84,0.28,71.6
4530,0.75,1.74,0.64,0.8,0.22,76.47
4532,0.28,1.17,0.77,0.83,0.55,241.8
4535,0.0,1.0,0.71,0.76,0.51,159.0
4536,0.23,1.05,0.75,0.79,0.47,62.75
4538,0.75,1.78,0.59,0.75,0.2,102.2
4539,0.53,1.54,0.74,0.88,0.39,81.8
4542,0.0,1.0,1.0,1.0,1.0,1.0
4543,0.0,1.0,0.78,0.78,0.78,1.0
4544,0.74,1.86,0.64,0.83,0.22,58.33
4546,0.68,1.5,0.61,0.73,0.23,260.25
4547,0.71,1.75,0.69,0.85,0.31,89.2
4548,0.0,1.0,0.55,0.72,0.1,34.0
4550,0.82,1.47,0.81,0.9,0.26,37.8
4552,0.48,1.22,0.73,0.78,0.36,67.0
4553,0.0,1.0,0.56,0.63,0.35,24.0
4554,0.13,1.01,0.72,0.77,0.31,54.5
4555,0.71,1.94,0.6,0.85,0.26,47.59
4557,0.7,1.94,0.55,0.76,0.24,278.73
4559,0.0,1.0,0.49,0.65,0.14,21.0
4562,0.27,1.18,0.5,0.6,0.19,98.0
4564,0.07,1.01,0.56,0.68,0.21,40.0
4565,0.75,1.72,0.76,0.94,0.35,71.14
4567,0.23,1.13,0.54,0.61,0.23,446.5
4569,0.72,1.54,0.63,0.79,0.31,139.0
4570,0.0,1.0,0.42,0.68,0.16,6.0
4574,0.72,1.6,0.72,0.87,0.39,181.0
4575,0.0,1.0,0.72,0.74,0.47,68.0
4576,0.69,1.75,0.68,0.87,0.35,136.57
4577,0.68,1.7,0.77,0.93,0.43,125.22
4580,0.0,1.0,0.82,0.86,0.71,105.0
4581,0.62,1.51,0.76,0.88,0.4,146.7
4585,0.12,1.06,0.62,0.67,0.29,325.67
4586,0.0,1.0,0.72,0.77,0.45,113.0
4587,0.62,1.38,0.53,0.62,0.26,9.0
4590,0.5,1.27,0.87,0.94,0.5,78.2
4594,0.0,1.0,0.5,0.81,0.06,3.0
4595,0.77,2.01,0.61,0.84,0.25,52.5
4596,0.62,1.56,0.62,0.78,0.28,197.2
4598,0.0,1.0,0.62,0.84,0.07,3.0
4599,0.0,1.0,0.67,0.67,0.33,1.0
4600,0.78,2.0,0.57,0.77,0.18,112.78
4601,0.85,2.07,0.62,0.85,0.21,34.83
4602,0.0,1.0,0.61,0.74,0.19,6.0
4603,0.0,1.0,0.44,0.67,0.1,2.0
4604,0.0,1.0,0.61,0.61,0.08,3.0
4606,0.75,1.51,0.64,0.78,0.26,119.6
4607,0.78,1.78,0.67,0.85,0.28,58.92
4610,0.0,1.0,0.78,0.78,0.33,6.0
4611,0.64,1.6,0.68,0.85,0.36,128.0
4612,0.11,1.04,0.74,0.77,0.58,76.0
4613,0.0,1.0,0.6,0.72,0.19,7.0
4615,0.0,1.0,0.83,0.86,0.66,86.0
4617,0.07,1.03,0.48,0.64,0.11,106.0
4618,0.71,1.58,0.73,0.88,0.34,184.0
4619,0.82,2.05,0.56,0.79,0.17,114.27
4620,0.64,1.65,0.7,0.87,0.35,99.9
4622,0.0,1.0,0.84,0.84,0.1,4.0
4623,0.66,1.67,0.69,0.83,0.32,78.09
4624,0.78,1.41,0.82,0.92,0.28,32.5
4625,0.08,1.01,0.65,0.75,0.14,330.5
4627,0.66,1.69,0.65,0.8,0.3,200.0
4628,0.0,1.0,0.53,0.67,0.17,68.0
4629,0.0,1.0,1.0,1.0,1.0,1.0
4630,0.87,1.87,0.69,0.88,0.29,128.0
4634,0.64,1.61,0.62,0.78,0.28,183.83
4637,0.8,1.93,0.61,0.79,0.24,132.6
4639,0.0,1.0,0.52,0.65,0.19,20.0
4640,0.39,1.25,0.74,0.81,0.5,95.67
4642,0.0,1.0,0.62,0.86,0.07,11.0
4643,0.0,1.0,0.57,0.61,0.1,2.0
4645,0.0,1.0,0.68,0.77,0.19,3.0
4646,0.0,1.0,0.25,0.42,0.08,1.0
4647,0.01,1.01,0.8,0.83,0.64,279.0
4648,0.0,1.0,0.81,0.83,0.68,238.0
4650,0.25,1.18,0.67,0.76,0.33,50.5
4652,0.0,1.0,0.54,0.63,0.14,14.0
4653,0.72,1.63,0.74,0.88,0.18,37.0
4654,0.3,1.16,0.59,0.69,0.21,209.0
4657,0.0,1.0,0.48,0.67,0.3,20.0
4659,0.0,1.0,0.86,0.87,0.81,69.0
4660,0.0,1.0,0.9,0.91,0.88,198.0
4661,0.54,1.3,0.84,0.92,0.47,96.94
4662,0.0,1.0,0.48,0.62,0.25,2.0
4663,0.0,1.0,0.55,0.79,0.06,3.0
4664,0.0,1.0,0.52,0.64,0.26,14.0
4665,0.19,1.05,0.58,0.65,0.3,11.5
4666,0.0,1.0,0.45,0.68,0.08,7.0
4668,0.0,1.0,0.64,0.75,0.36,13.0
4669,0.48,1.29,0.63,0.73,0.27,79.0
4673,0.0,1.0,0.89,0.89,0.79,62.0
4674,0.7,1.82,0.67,0.85,0.26,58.96
4676,0.86,2.24,0.58,0.81,0.17,63.0
4677,0.74,1.82,0.55,0.75,0.23,62.57
4680,0.85,2.14,0.63,0.87,0.22,50.87
4682,0.0,1.0,0.7,0.7,0.38,3.0
4683,0.19,1.07,0.62,0.7,0.38,79.5
4685,0.6,1.42,0.62,0.75,0.29,168.0
4686,0.69,1.6,0.69,0.83,0.36,172.75
